user_id,video_id,cbr_score
user_001,4677811932430388,0.9996460409097954
user_001,4695816603107409,0.999610979430097
user_001,4736081359470613,0.9995113213384471
user_001,4794446697660524,0.9994305147816
user_001,4783867228520563,0.9993458216076585
user_001,4925285896749098,0.9991734779704066
user_001,4925577505734700,0.9991724658989851
user_001,4926770097356873,0.9991701304516898
user_001,4926970929020949,0.9991688496183853
user_001,4926009972031527,0.9991687588408837
user_003,4677811932430388,0.9996686184878298
user_003,4695816603107409,0.9996346642545596
user_003,4736081359470613,0.9995378699033967
user_003,4794446697660524,0.9994592441189531
user_003,4783867228520563,0.9993764108594746
user_003,4925285896749098,0.9992081711371792
user_003,4925577505734700,0.9992071805102098
user_003,4926770097356873,0.9992048945272296
user_003,4926970929020949,0.9992036407636262
user_003,4926009972031527,0.999203551676286
user_010,4677811932430388,0.9996175740472211
user_010,4695816603107409,0.9995811645767806
user_010,4736081359470613,0.9994780184150978
user_010,4794446697660524,0.9993945626820583
user_010,4783867228520563,0.9993075948346674
user_010,4925285896749098,0.9991302738130716
user_010,4925577505734700,0.9991292356377018
user_010,4926770097356873,0.9991268400420827
user_010,4926970929020949,0.9991255262332158
user_010,4926009972031527,0.9991254331154554
user_012,4677811932430388,0.9997853778326713
user_012,4695816603107409,0.9997578869324608
user_012,4736081359470613,0.9996778257993906
user_012,4794446697660524,0.9996118736307441
user_012,4783867228520563,0.9995399996897738
user_012,4925285896749098,0.9993955318821164
user_012,4925577505734700,0.9993946664107963
user_012,4926770097356873,0.9993926684893697
user_012,4926970929020949,0.9993915729486591
user_012,4926009972031527,0.9993914965038551
user_016,4677811932430388,0.9995779664532648
user_016,4695816603107409,0.9995397658951114
user_016,4736081359470613,0.9994319903135196
user_016,4794446697660524,0.9993449969289498
user_016,4783867228520563,0.999255038756298
user_016,4925285896749098,0.9990710464370659
user_016,4925577505734700,0.9990699735692256
user_016,4926770097356873,0.9990674978394797
user_016,4926970929020949,0.9990661402799441
user_016,4926009972031527,0.9990660449234569
user_019,4677811932430388,0.9995797770853715
user_019,4695816603107409,0.9995416565900407
user_019,4736081359470613,0.9994340880476973
user_019,4794446697660524,0.9993472524526907
user_019,4783867228520563,0.99925742857353
user_019,4925285896749098,0.9990737333339988
user_019,4925577505734700,0.9990726620167558
user_019,4926770097356873,0.9990701898648133
user_019,4926970929020949,0.999068834262185
user_019,4926009972031527,0.9990687390227704
user_023,4677811932430388,0.9997247898938327
user_023,4695816603107409,0.9996937706747968
user_023,4736081359470613,0.999604573397448
user_023,4794446697660524,0.9995317077679209
user_023,4783867228520563,0.9994538418961907
user_023,4925285896749098,0.9992964135243705
user_023,4925577505734700,0.9992954797322577
user_023,4926770097356873,0.9992933246181883
user_023,4926970929020949,0.9992921426844067
user_023,4926009972031527,0.999292059088161
user_031,4677811932430388,0.9996005575262824
user_031,4695816603107409,0.9995633674574267
user_031,4736081359470613,0.999458203321495
user_031,4794446697660524,0.9993732070234271
user_031,4783867228520563,0.9992849336891176
user_031,4925285896749098,0.9991047091728555
user_031,4925577505734700,0.9991036558781959
user_031,4926770097356873,0.9991012253730518
user_031,4926970929020949,0.9990998924920873
user_031,4926009972031527,0.9990997983380713
user_034,4677811932430388,0.9998982978847865
user_034,4695816603107409,0.99987909482437
user_034,4736081359470613,0.999820467798427
user_034,4794446697660524,0.9997708455359595
user_034,4783867228520563,0.9997128838684541
user_034,4925285896749098,0.9995991561420439
user_034,4925577505734700,0.9995984512059276
user_034,4926770097356873,0.9995968236453349
user_034,4926970929020949,0.9995959307261069
user_034,4926009972031527,0.9995958666405844
user_040,4677811932430388,0.9995704886519226
user_040,4695816603107409,0.9995319566331116
user_040,4736081359470613,0.9994233200289271
user_040,4794446697660524,0.9993356865997567
user_040,4783867228520563,0.9992451485533752
user_040,4925285896749098,0.9990599695318173
user_040,4925577505734700,0.9990588902508388
user_040,4926770097356873,0.9990563998701117
user_040,4926970929020949,0.9990550341615425
user_040,4926009972031527,0.9990549376702901
user_047,4677811932430388,0.9996585019209452
user_047,4695816603107409,0.99962410207801
user_047,4736081359470613,0.999526236051407
user_047,4794446697660524,0.9994464574398445
user_047,4783867228520563,0.9993633736828212
user_047,4925285896749098,0.9991925819237389
user_047,4925577505734700,0.9991915825344646
user_047,4926770097356873,0.9991892732869211
user_047,4926970929020949,0.9991880096176884
user_047,4926009972031527,0.9991879333972903
user_056,4677811932430388,0.9996772858380103
user_056,4695816603107409,0.9996437670653064
user_056,4736081359470613,0.9995480995808362
user_056,4794446697660524,0.9994703293951207
user_056,4783867228520563,0.9993882313464988
user_056,4925285896749098,0.9992215988796184
user_056,4925577505734700,0.9992206166854535
user_056,4926770097356873,0.999218350130902
user_056,4926970929020949,0.9992171070208345
user_056,4926009972031527,0.9992170186997821
user_064,4677811932430388,0.9995884805762644
user_064,4695816603107409,0.999550748617779
user_064,4736081359470613,0.9994441866760245
user_064,4794446697660524,0.999358110488848
user_064,4783867228520563,0.9992689497798144
user_064,4925285896749098,0.9990866755288419
user_064,4925577505734700,0.9990856117334749
user_064,4926770097356873,0.9990831568670635
user_064,4926970929020949,0.9990818107838738
user_064,4926009972031527,0.9990817164242211
user_069,4677811932430388,0.9995870979941162
user_069,4695816603107409,0.9995493009253643
user_069,4736081359470613,0.9994425656868586
user_069,4794446697660524,0.9993563779412966
user_069,4783867228520563,0.9992670776814291
user_069,4925285896749098,0.9990846166820857
user_069,4925577505734700,0.9990835516337442
user_069,4926770097356873,0.999081094062238
user_069,4926970929020949,0.999079746327385
user_069,4926009972031527,0.9990796510472905
user_070,4677811932430388,0.9995649949588231
user_070,4695816603107409,0.9995262228655806
user_070,4736081359470613,0.9994169649904487
user_070,4794446697660524,0.9993288599457434
user_070,4783867228520563,0.9992379164473247
user_070,4925285896749098,0.9990518516112499
user_070,4925577505734700,0.9990507676814445
user_070,4926770097356873,0.9990482665910965
user_070,4926970929020949,0.9990468950091347
user_070,4926009972031527,0.9990467980916301
user_071,4677811932430388,0.9996008688136712
user_071,4695816603107409,0.999563692533971
user_071,4736081359470613,0.9994585635407754
user_071,4794446697660524,0.9993735961737854
user_071,4783867228520563,0.9992853427926507
user_071,4925285896749098,0.9991051751851718
user_071,4925577505734700,0.9991041221584147
user_071,4926770097356873,0.9991016922908931
user_071,4926970929020949,0.9991003597406636
user_071,4926009972031527,0.9991002655204105
user_073,4677811932430388,0.9995759221428584
user_073,4695816603107409,0.999537629472086
user_073,4736081359470613,0.999429612835614
user_073,4794446697660524,0.9993424476338127
user_073,4783867228520563,0.999252317363804
user_073,4925285896749098,0.9990680150593819
user_073,4925577505734700,0.9990669404122355
user_073,4926770097356873,0.9990644606848174
user_073,4926970929020949,0.9990631008389317
user_073,4926009972031527,0.9990630048692146
user_074,4677811932430388,0.9995802670165588
user_074,4695816603107409,0.9995421843883441
user_074,4736081359470613,0.9994347377003561
user_074,4794446697660524,0.9993478952672358
user_074,4783867228520563,0.9992582823484497
user_074,4925285896749098,0.9990744610453937
user_074,4925577505734700,0.9990733904224688
user_074,4926770097356873,0.999070918968685
user_074,4926970929020949,0.9990695645842966
user_074,4926009972031527,0.9990694734109654
user_076,4677811932430388,0.999545387600584
user_076,4695816603107409,0.9995057716151622
user_076,4736081359470613,0.9993943311033848
user_076,4794446697660524,0.9993045641634267
user_076,4783867228520563,0.9992122028949582
user_076,4925285896749098,0.9990230108717706
user_076,4925577505734700,0.9990219105988688
user_076,4926770097356873,0.9990193718129071
user_076,4926970929020949,0.9990179796001063
user_076,4926009972031527,0.9990178813866151
user_077,4677811932430388,0.9995399286257511
user_077,4695816603107409,0.9995000807191946
user_077,4736081359470613,0.9993880400329828
user_077,4794446697660524,0.9992978175102483
user_077,4783867228520563,0.999205064537762
user_077,4925285896749098,0.9990150168365343
user_077,4925577505734700,0.9990139120727443
user_077,4926770097356873,0.9990113629411668
user_077,4926970929020949,0.9990099650544563
user_077,4926009972031527,0.9990098664284962
user_078,4677811932430388,0.9995397748796407
user_078,4695816603107409,0.9994999205525414
user_078,4736081359470613,0.99938786338641
user_078,4794446697660524,0.9992976277903155
user_078,4783867228520563,0.9992048648080738
user_078,4925285896749098,0.9990147919098856
user_078,4925577505734700,0.9990136870215484
user_078,4926770097356873,0.9990111375979374
user_078,4926970929020949,0.9990097395558056
user_078,4926009972031527,0.9990096409411191
user_079,4677811932430388,0.9995424434205644
user_079,4695816603107409,0.9995027020396682
user_079,4736081359470613,0.9993909368142626
user_079,4794446697660524,0.9993009242651614
user_079,4783867228520563,0.9992083499134242
user_079,4925285896749098,0.9990186975839205
user_079,4925577505734700,0.9990175948832204
user_079,4926770097356873,0.9990150505123097
user_079,4926970929020949,0.9990136552291561
user_079,4926009972031527,0.9990135567573963
user_080,4677811932430388,0.9995402906178533
user_080,4695816603107409,0.9995004588258517
user_080,4736081359470613,0.9993884609959827
user_080,4794446697660524,0.9992982661983851
user_080,4783867228520563,0.9992055475554715
user_080,4925285896749098,0.9990155464494879
user_080,4925577505734700,0.9990144419958532
user_080,4926770097356873,0.9990118935351661
user_080,4926970929020949,0.9990104960568147
user_080,4926009972031527,0.999010397652995
user_083,4677811932430388,0.9995454403638119
user_083,4695816603107409,0.9995058266540268
user_083,4736081359470613,0.9993943920716469
user_083,4794446697660524,0.9993046294643375
user_083,4783867228520563,0.999212272288324
user_083,4925285896749098,0.9990230882109624
user_083,4925577505734700,0.9990219879820599
user_083,4926770097356873,0.9990194492959319
user_083,4926970929020949,0.9990180571392986
user_083,4926009972031527,0.9990179589366278
user_085,4677811932430388,0.9995398069690887
user_085,4695816603107409,0.999499953835616
user_085,4736081359470613,0.9993878995130042
user_085,4794446697660524,0.9992976670970072
user_085,4783867228520563,0.9992049046188689
user_085,4925285896749098,0.9990148388579808
user_085,4925577505734700,0.9990137339931573
user_085,4926770097356873,0.9990111846329843
user_085,4926970929020949,0.9990097866170532
user_085,4926009972031527,0.9990096879633643
user_087,4677811932430388,0.9995423143115695
user_087,4695816603107409,0.9995025674807698
user_087,4736081359470613,0.9993907882016123
user_087,4794446697660524,0.9993007647775477
user_087,4783867228520563,0.99920818152749
user_087,4925285896749098,0.9990185085366547
user_087,4925577505734700,0.9990174057303424
user_087,4926770097356873,0.9990148611142554
user_087,4926970929020949,0.9990134656983791
user_087,4926009972031527,0.9990133672252589
user_091,4677811932430388,0.9995413945366788
user_091,4695816603107409,0.9995016086772324
user_091,4736081359470613,0.9993897284174337
user_091,4794446697660524,0.9992996282607187
user_091,4783867228520563,0.99920697921131
user_091,4925285896749098,0.9990171620097762
user_091,4925577505734700,0.9990160584476876
user_091,4926770097356873,0.9990135120898014
user_091,4926970929020949,0.9990121157193311
user_091,4926009972031527,0.9990120171800141
user_094,4677811932430388,0.9995394359437195
user_094,4695816603107409,0.9994995671273689
user_094,4736081359470613,0.9993874722611451
user_094,4794446697660524,0.9992972088979093
user_094,4783867228520563,0.9992044201855633
user_094,4925285896749098,0.9990142961042537
user_094,4925577505734700,0.9990131909356823
user_094,4926770097356873,0.9990106408742149
user_094,4926970929020949,0.9990092424751085
user_094,4926009972031527,0.9990091438004212
user_102,4677811932430388,0.9995386100630447
user_102,4695816603107409,0.9994987062787153
user_102,4736081359470613,0.9993865208916329
user_102,4794446697660524,0.9992961889379119
user_102,4783867228520563,0.9992033409851803
user_102,4925285896749098,0.9990130882164578
user_102,4925577505734700,0.9990119823708206
user_102,4926770097356873,0.9990094307507138
user_102,4926970929020949,0.9990080314957637
user_102,4926009972031527,0.9990079327539579
user_105,4677811932430388,0.9995377316147313
user_105,4695816603107409,0.9994977907179001
user_105,4736081359470613,0.99938550932795
user_105,4794446697660524,0.9992951043407572
user_105,4783867228520563,0.999202193942526
user_105,4925285896749098,0.9990118038205097
user_105,4925577505734700,0.99901069725617
user_105,4926770097356873,0.9990081439789508
user_105,4926970929020949,0.9990067438165193
user_105,4926009972031527,0.9990066450151206
user_125,4677811932430388,0.9995384244025992
user_125,4695816603107409,0.9994985128518472
user_125,4736081359470613,0.9993863074936917
user_125,4794446697660524,0.9992959598508269
user_125,4783867228520563,0.9992030995644723
user_125,4925285896749098,0.9990128167249035
user_125,4925577505734700,0.999011710728671
user_125,4926770097356873,0.9990091587568356
user_125,4926970929020949,0.999007759313437
user_125,4926009972031527,0.9990076605791307
user_132,4626326439788623,0.9999999918942938
user_132,4625586371625002,0.9999998900046316
user_132,5067354493878300,0.9997530663735447
user_132,4632858942439514,0.9996133094972408
user_132,4671282625839225,0.9995497251762955
user_132,4697571537649698,0.999510194741271
user_132,4697712759865455,0.999473185595885
user_132,4728126161485880,0.9994473715002191
user_132,4604459066785805,0.9992676190552955
user_132,4930732263407645,0.9990076850173506
user_149,4626326439788623,0.9999999815940973
user_149,4625586371625002,0.9999998685428028
user_149,5067354493878300,0.9997553798722351
user_149,4632858942439514,0.9996162056214493
user_149,4671282625839225,0.9995528507274958
user_149,4697571537649698,0.9995134550659828
user_149,4697712759865455,0.9994765607677708
user_149,4728126161485880,0.9994508346557044
user_149,4604459066785805,0.9992715838100266
user_149,4930732263407645,0.999012327335421
user_155,4626326439788623,0.9999999860998559
user_155,4625586371625002,0.9999999061286905
user_155,5067354493878300,0.999749197393589
user_155,4632858942439514,0.9996084757490581
user_155,4671282625839225,0.9995445104518568
user_155,4697571537649698,0.9995047521201271
user_155,4697712759865455,0.999467572550174
user_155,4728126161485880,0.9994415957904651
user_155,4604459066785805,0.9992610482086915
user_155,4930732263407645,0.9989999460367022
user_156,4626326439788623,0.9999999924829972
user_156,4625586371625002,0.999999899021579
user_156,5067354493878300,0.9997513207187824
user_156,4632858942439514,0.999611126069021
user_156,4671282625839225,0.9995473693482293
user_156,4697571537649698,0.9995077375898626
user_156,4697712759865455,0.9994706423896917
user_156,4728126161485880,0.9994447619794503
user_156,4604459066785805,0.9992646330722798
user_156,4930732263407645,0.9990041893683762
user_173,4626326439788623,0.9999999821892378
user_173,4625586371625002,0.9999999010042103
user_173,5067354493878300,0.9997487489812312
user_173,4632858942439514,0.9996079120947419
user_173,4671282625839225,0.999543902481861
user_173,4697571537649698,0.9995041221983652
user_173,4697712759865455,0.9994669002437238
user_173,4728126161485880,0.9994409229828227
user_173,4604459066785805,0.9992602408749139
user_173,4930732263407645,0.9989990506518188
user_174,4626326439788623,0.9999999826503119
user_174,4625586371625002,0.9999999012978462
user_174,5067354493878300,0.9997488124190832
user_174,4632858942439514,0.9996079914752459
user_174,4671282625839225,0.9995439880973518
user_174,4697571537649698,0.9995042113119376
user_174,4697712759865455,0.9994669932930725
user_174,4728126161485880,0.999441017758103
user_174,4604459066785805,0.9992603507996533
user_174,4930732263407645,0.9989991772631703
user_181,4626326439788623,0.9999999929557788
user_181,4625586371625002,0.9999998950942506
user_181,5067354493878300,0.9997522425307251
user_181,4632858942439514,0.9996122789084507
user_181,4671282625839225,0.9995486131538799
user_181,4697571537649698,0.9995090348014948
user_181,4697712759865455,0.9994719852897663
user_181,4728126161485880,0.9994461396400178
user_181,4604459066785805,0.9992662098971677
user_181,4930732263407645,0.9990060345191487
user_183,4626326439788623,0.9999999891537807
user_183,4625586371625002,0.9999999015564153
user_183,5067354493878300,0.9997500827947807
user_183,4632858942439514,0.9996095785319297
user_183,4671282625839225,0.9995456999123498
user_183,4697571537649698,0.9995059966267086
user_183,4697712759865455,0.9994688400083799
user_183,4728126161485880,0.9994429131756216
user_183,4604459066785805,0.9992625170187409
user_183,4930732263407645,0.9990017141568688
user_186,4626326439788623,0.9999999907201282
user_186,4625586371625002,0.9999999036484812
user_186,5067354493878300,0.9997503401282415
user_186,4632858942439514,0.9996099019800516
user_186,4671282625839225,0.999546048837612
user_186,4697571537649698,0.999506358380522
user_186,4697712759865455,0.9994692250973196
user_186,4728126161485880,0.9994432993952034
user_186,4604459066785805,0.9992629786549911
user_186,4930732263407645,0.9990022286014154
user_194,4626326439788623,0.9999999817233447
user_194,4625586371625002,0.9999999008502227
user_194,5067354493878300,0.9997486796713394
user_194,4632858942439514,0.9996078255029902
user_194,4671282625839225,0.9995438090908083
user_194,4697571537649698,0.9995040248360322
user_194,4697712759865455,0.9994667993645836
user_194,4728126161485880,0.9994408195886243
user_194,4604459066785805,0.9992601224044346
user_194,4930732263407645,0.9989989123410966
user_195,4626326439788623,0.9999999858574707
user_195,4625586371625002,0.999999904851083
user_195,5067354493878300,0.9997492121481604
user_195,4632858942439514,0.9996084931717893
user_195,4671282625839225,0.9995445292313946
user_195,4697571537649698,0.9995047728704021
user_195,4697712759865455,0.9994675881695306
user_195,4728126161485880,0.9994416166739266
user_195,4604459066785805,0.9992610612332156
user_195,4930732263407645,0.9989999753854475
user_205,4626326439788623,0.9999999879614065
user_205,4625586371625002,0.9999999017722647
user_205,5067354493878300,0.9997497954584166
user_205,4632858942439514,0.9996092194917461
user_205,4671282625839225,0.9995453126258207
user_205,4697571537649698,0.9995055927060748
user_205,4697712759865455,0.9994684221521262
user_205,4728126161485880,0.9994424843205431
user_205,4604459066785805,0.9992620267884935
user_205,4930732263407645,0.9990011400748177
user_210,4626326439788623,0.999999992408451
user_210,4625586371625002,0.9999998991215269
user_210,5067354493878300,0.9997512778351536
user_210,4632858942439514,0.9996110724169847
user_210,4671282625839225,0.9995473114656913
user_210,4697571537649698,0.9995076772601084
user_210,4697712759865455,0.9994705797544644
user_210,4728126161485880,0.9994446978751559
user_210,4604459066785805,0.9992645593689642
user_210,4930732263407645,0.9990041035692425
user_212,4626326439788623,0.9999999828563394
user_212,4625586371625002,0.9999999038526963
user_212,5067354493878300,0.9997487360624704
user_212,4632858942439514,0.9996078981685949
user_212,4671282625839225,0.9995438874864424
user_212,4697571537649698,0.9995041039961939
user_212,4697712759865455,0.9994668942711232
user_212,4728126161485880,0.9994409061780696
user_212,4604459066785805,0.9992602455156901
user_212,4930732263407645,0.9989990250738315
user_239,4626326439788623,0.9999999832309096
user_239,4625586371625002,0.9999999013469264
user_239,5067354493878300,0.9997489083198614
user_239,4632858942439514,0.9996081111912091
user_239,4671282625839225,0.9995441172146957
user_239,4697571537649698,0.9995043460417603
user_239,4697712759865455,0.9994671322846338
user_239,4728126161485880,0.9994411607178839
user_239,4604459066785805,0.9992605134857078
user_239,4930732263407645,0.998999368656271
user_263,4797413282742404,0.9990162569669767
user_263,5026409962209334,0.9985916466430199
user_263,5083312130293767,0.9985441906903513
user_263,5117763853942892,0.998458524751999
user_263,5117765573607442,0.9984533167497518
user_263,5121342379327540,0.9984482035640703
user_263,5117796699275493,0.998431370332696
user_263,5128948309491745,0.9984238520684289
user_263,5112532830978104,0.9984122306647877
user_263,5120599727472664,0.9984068605078262
user_269,4797413282742404,0.9990192454520126
user_269,5026409962209334,0.998595548778664
user_269,5083312130293767,0.9985482537904008
user_269,5117763853942892,0.9984627077083479
user_269,5117765573607442,0.9984575076610411
user_269,5121342379327540,0.9984524001105634
user_269,5117796699275493,0.9984355863503999
user_269,5128948309491745,0.9984280814649904
user_269,5112532830978104,0.998416453602121
user_269,5120599727472664,0.9984111024375381
user_278,4797413282742404,0.9990213095763355
user_278,5026409962209334,0.998598164533209
user_278,5083312130293767,0.9985509210551924
user_278,5117763853942892,0.9984654353794556
user_278,5117765573607442,0.9984602456459285
user_278,5121342379327540,0.9984551354054048
user_278,5117796699275493,0.9984383569012167
user_278,5128948309491745,0.9984308383590567
user_278,5112532830978104,0.9984192471633254
user_278,5120599727472664,0.9984138986045219
user_279,4797413282742404,0.9990405439382785
user_279,5026409962209334,0.9986229218417165
user_279,5083312130293767,0.9985764213141317
user_279,5117763853942892,0.9984915999282248
user_279,5117765573607442,0.9984864860402461
user_279,5121342379327540,0.9984813791769676
user_279,5117796699275493,0.9984648367455065
user_279,5128948309491745,0.9984572896008663
user_279,5112532830978104,0.9984458636984409
user_279,5120599727472664,0.9984405853127863
user_281,4797413282742404,0.9990195530710764
user_281,5026409962209334,0.9985959887401195
user_281,5083312130293767,0.9985487387640636
user_281,5117763853942892,0.9984632157239687
user_281,5117765573607442,0.9984580142111333
user_281,5121342379327540,0.9984529103709623
user_281,5117796699275493,0.9984360882681329
user_281,5128948309491745,0.9984285956450812
user_281,5112532830978104,0.9984169475762347
user_281,5120599727472664,0.9984116033719733
user_291,4797413282742404,0.9990326943031274
user_291,5026409962209334,0.9986128782470248
user_291,5083312130293767,0.9985661238386666
user_291,5117763853942892,0.9984810493672431
user_291,5117765573607442,0.9984759003728013
user_291,5121342379327540,0.9984707976702787
user_291,5117796699275493,0.9984541402357908
user_291,5128948309491745,0.9984466240830149
user_291,5112532830978104,0.9984350958797962
user_291,5120599727472664,0.9984297976214002
user_305,4797413282742404,0.9990309982806627
user_305,5026409962209334,0.9986106083214216
user_305,5083312130293767,0.9985637240319537
user_305,5117763853942892,0.9984785667396393
user_305,5117765573607442,0.9984734162199422
user_305,5121342379327540,0.9984683061397199
user_305,5117796699275493,0.9984516512783553
user_305,5128948309491745,0.9984441130299527
user_305,5112532830978104,0.9984326144392754
user_305,5120599727472664,0.9984272986688629
user_313,4797413282742404,0.9990174369329075
user_313,5026409962209334,0.9985932426147505
user_313,5083312130293767,0.9985458914782706
user_313,5117763853942892,0.9984602883674178
user_313,5117765573607442,0.9984550801835165
user_313,5121342379327540,0.9984499737687725
user_313,5117796699275493,0.9984331331829156
user_313,5128948309491745,0.9984256360119337
user_313,5112532830978104,0.9984139836670481
user_313,5120599727472664,0.9984086282739045
user_317,4797413282742404,0.9990292446512988
user_317,5026409962209334,0.9986081568463273
user_317,5083312130293767,0.9985610602694245
user_317,5117763853942892,0.998475788037939
user_317,5117765573607442,0.9984706422220074
user_317,5121342379327540,0.9984655159202868
user_317,5117796699275493,0.9984488921547741
user_317,5128948309491745,0.9984413011729645
user_317,5112532830978104,0.9984298868684226
user_317,5120599727472664,0.9984245392584601
user_318,4797413282742404,0.9990248488205263
user_318,5026409962209334,0.9986027582618117
user_318,5083312130293767,0.9985556828807304
user_318,5117763853942892,0.9984703309079612
user_318,5117765573607442,0.9984651524886504
user_318,5121342379327540,0.9984600463938516
user_318,5117796699275493,0.99844329945829
user_318,5128948309491745,0.9984357879446711
user_318,5112532830978104,0.998424204996205
user_318,5120599727472664,0.9984188749274795
user_322,4797413282742404,0.9990224160684634
user_322,5026409962209334,0.9985994706542081
user_322,5083312130293767,0.9985521831346124
user_322,5117763853942892,0.9984667029072617
user_322,5117765573607442,0.9984615244691726
user_322,5121342379327540,0.9984564048940787
user_322,5117796699275493,0.9984396713994566
user_322,5128948309491745,0.9984321180871667
user_322,5112532830978104,0.9984205958341422
user_322,5120599727472664,0.998415236057485
user_324,4797413282742404,0.9990283678932782
user_324,5026409962209334,0.9986073700836227
user_324,5083312130293767,0.9985604933789465
user_324,5117763853942892,0.9984752863706344
user_324,5117765573607442,0.9984701167224871
user_324,5121342379327540,0.9984650181891807
user_324,5117796699275493,0.9984482913727155
user_324,5128948309491745,0.9984407987916004
user_324,5112532830978104,0.9984292026473115
user_324,5120599727472664,0.9984238964888609
user_325,4797413282742404,0.99902583025741
user_325,5026409962209334,0.9986038025245223
user_325,5083312130293767,0.9985566028208297
user_325,5117763853942892,0.9984712236407743
user_325,5117765573607442,0.9984660621041492
user_325,5121342379327540,0.9984609383373684
user_325,5117796699275493,0.9984442624008054
user_325,5128948309491745,0.9984366873804508
user_325,5112532830978104,0.9984252242392037
user_325,5120599727472664,0.9984198692096431
user_334,4797413282742404,0.999037232139982
user_334,5026409962209334,0.9986184872880933
user_334,5083312130293767,0.9985717341892808
user_334,5117763853942892,0.9984867511745935
user_334,5117765573607442,0.9984816341191118
user_334,5121342379327540,0.9984765130253506
user_334,5117796699275493,0.9984599748450013
user_334,5128948309491745,0.9984523851974647
user_334,5112532830978104,0.9984410158761668
user_334,5120599727472664,0.998435703526067
user_335,4797413282742404,0.9990259750939129
user_335,5026409962209334,0.9986041816227671
user_335,5083312130293767,0.9985571308462021
user_335,5117763853942892,0.9984718105848097
user_335,5117765573607442,0.9984666380986071
user_335,5121342379327540,0.9984615301366345
user_335,5117796699275493,0.9984448038026258
user_335,5128948309491745,0.9984372834412788
user_335,5112532830978104,0.9984257230265464
user_335,5120599727472664,0.9984203937526052
user_337,4797413282742404,0.9990289970263062
user_337,5026409962209334,0.9986081005277132
user_337,5083312130293767,0.9985611893250034
user_337,5117763853942892,0.9984759819013789
user_337,5117765573607442,0.998470819451239
user_337,5121342379327540,0.9984657145604119
user_337,5117796699275493,0.9984490168359426
user_337,5128948309491745,0.9984415008288613
user_337,5112532830978104,0.9984299504615256
user_337,5120599727472664,0.998424636253436
user_342,4797413282742404,0.999030632520421
user_342,5026409962209334,0.9986101158936798
user_342,5083312130293767,0.998563201392875
user_342,5117763853942892,0.9984780254164635
user_342,5117765573607442,0.9984728747465329
user_342,5121342379327540,0.9984677628318828
user_342,5117796699275493,0.9984511093333412
user_342,5128948309491745,0.9984435654729795
user_342,5112532830978104,0.9984320747903646
user_342,5120599727472664,0.9984267548550988
user_348,4797413282742404,0.9990331034191325
user_348,5026409962209334,0.9986132707550024
user_348,5083312130293767,0.9985664325108375
user_348,5117763853942892,0.9984813346763433
user_348,5117765573607442,0.998476195299515
user_348,5121342379327540,0.9984710817021969
user_348,5117796699275493,0.9984544655427058
user_348,5128948309491745,0.9984469106452691
user_348,5112532830978104,0.9984354544218056
user_348,5120599727472664,0.9984301401210965
user_353,4797413282742404,0.9990347718473925
user_353,5026409962209334,0.9986153464224885
user_353,5083312130293767,0.9985685187801793
user_353,5117763853942892,0.9984834583602077
user_353,5117765573607442,0.9984783299064982
user_353,5121342379327540,0.998473210665132
user_353,5117796699275493,0.998456634643827
user_353,5128948309491745,0.9984490566139588
user_353,5112532830978104,0.9984376518184201
user_353,5120599727472664,0.99843233412072
user_357,4797413282742404,0.9990226612230458
user_357,5026409962209334,0.9985997425042629
user_357,5083312130293767,0.9985524321662819
user_357,5117763853942892,0.9984669482350714
user_357,5117765573607442,0.9984617733500355
user_357,5121342379327540,0.9984566502685666
user_357,5117796699275493,0.9984399315029647
user_357,5128948309491745,0.9984323654852929
user_357,5112532830978104,0.9984208674875467
user_357,5120599727472664,0.9984155029264503
user_362,4797413282742404,0.9990271327308399
user_362,5026409962209334,0.9986054222597588
user_362,5083312130293767,0.9985582313409203
user_362,5117763853942892,0.9984728814461997
user_362,5117765573607442,0.9984677283559011
user_362,5121342379327540,0.9984626002621456
user_362,5117796699275493,0.998445955325142
user_362,5128948309491745,0.9984383625332932
user_362,5112532830978104,0.9984269389906193
user_362,5120599727472664,0.998421581416541
user_363,4797413282742404,0.9990239421854149
user_363,5026409962209334,0.9986014423175658
user_363,5083312130293767,0.9985542204909381
user_363,5117763853942892,0.9984687953603505
user_363,5117765573607442,0.9984636223461701
user_363,5121342379327540,0.9984585038114939
user_363,5117796699275493,0.9984417863989147
user_363,5128948309491745,0.9984342335189745
user_363,5112532830978104,0.998422719486617
user_363,5120599727472664,0.9984173664879925
user_372,4797413282742404,0.9990247942730335
user_372,5026409962209334,0.9986024998498936
user_372,5083312130293767,0.9985552823759916
user_372,5117763853942892,0.9984698758594643
user_372,5117765573607442,0.9984647084759436
user_372,5121342379327540,0.9984595869611038
user_372,5117796699275493,0.9984428903098376
user_372,5128948309491745,0.9984353252861259
user_372,5112532830978104,0.99842383808263
user_372,5120599727472664,0.9984184831771014
user_375,4797413282742404,0.9990196386437901
user_375,5026409962209334,0.9985959821875954
user_375,5083312130293767,0.9985486487709897
user_375,5117763853942892,0.9984630960480454
user_375,5117765573607442,0.9984579018423769
user_375,5121342379327540,0.9984527884689882
user_375,5117796699275493,0.9984359989831696
user_375,5128948309491745,0.9984284730286819
user_375,5112532830978104,0.9984168853057507
user_375,5120599727472664,0.9984115261472011
user_378,4659946994991117,0.9995710852490853
user_378,5020230288867337,0.9992634791890769
user_378,4925191512588339,0.9989996605066016
user_378,4941172976844805,0.998972630444222
user_378,4943852101107744,0.9989700080038376
user_378,4940428047482957,0.9989687778599132
user_378,4943862666297367,0.9989672683999984
user_378,4945181514858517,0.9989528637881998
user_378,4945957398184047,0.9989466139881753
user_378,4956343384080417,0.998936641058766
user_382,4659946994991117,0.9995746619921592
user_382,5020230288867337,0.999268091224999
user_382,4925191512588339,0.9990050914814921
user_382,4941172976844805,0.9989781652980384
user_382,4943852101107744,0.9989755572336445
user_382,4940428047482957,0.9989743110292623
user_382,4943862666297367,0.9989728200334629
user_382,4945181514858517,0.9989584314718251
user_382,4945957398184047,0.9989521885382758
user_382,4956343384080417,0.9989422788351077
user_385,4659946994991117,0.9995674197211947
user_385,5020230288867337,0.9992586908692098
user_385,4925191512588339,0.9989940615511912
user_385,4941172976844805,0.9989669591553766
user_385,4943852101107744,0.9989643377388423
user_385,4940428047482957,0.9989630920827807
user_385,4943862666297367,0.9989615841004507
user_385,4945181514858517,0.9989471342179809
user_385,4945957398184047,0.9989408685372799
user_385,4956343384080417,0.9989308785508402
user_389,4659946994991117,0.9995701603032789
user_389,5020230288867337,0.9992622776540752
user_389,4925191512588339,0.998998251372509
user_389,4941172976844805,0.9989711993783554
user_389,4943852101107744,0.9989685754954846
user_389,4940428047482957,0.9989673448891246
user_389,4943862666297367,0.998965833599988
user_389,4945181514858517,0.9989514206782972
user_389,4945957398184047,0.9989451678264676
user_389,4956343384080417,0.9989351854409455
user_392,4659946994991117,0.9995729779286016
user_392,5020230288867337,0.9992659221888278
user_392,4925191512588339,0.9990025352850794
user_392,4941172976844805,0.9989755586009111
user_392,4943852101107744,0.998972943044241
user_392,4940428047482957,0.9989717058655168
user_392,4943862666297367,0.9989702052394349
user_392,4945181514858517,0.9989558104304368
user_392,4945957398184047,0.9989495646651139
user_392,4956343384080417,0.9989396229941765
user_395,4659946994991117,0.9995706324708501
user_395,5020230288867337,0.9992628723937698
user_395,4925191512588339,0.9989989590949541
user_395,4941172976844805,0.9989719277360827
user_395,4943852101107744,0.998969308990148
user_395,4940428047482957,0.9989680696744642
user_395,4943862666297367,0.9989665650166828
user_395,4945181514858517,0.9989521482346657
user_395,4945957398184047,0.9989458944521714
user_395,4956343384080417,0.9989359302018864
user_407,4659946994991117,0.9995663578937732
user_407,5020230288867337,0.9992573289473395
user_407,4925191512588339,0.9989924562582637
user_407,4941172976844805,0.9989653206355557
user_407,4943852101107744,0.9989626937680263
user_407,4940428047482957,0.9989614553119972
user_407,4943862666297367,0.9989599403159841
user_407,4945181514858517,0.9989454879343893
user_407,4945957398184047,0.9989392209150967
user_407,4956343384080417,0.99892920862095
user_409,4659946994991117,0.9995654705595137
user_409,5020230288867337,0.9992561638613868
user_409,4925191512588339,0.9989910983468829
user_409,4941172976844805,0.9989639488394613
user_409,4943852101107744,0.9989613238769441
user_409,4940428047482957,0.9989600783099148
user_409,4943862666297367,0.9989585658170236
user_409,4945181514858517,0.9989440994665147
user_409,4945957398184047,0.9989378276802924
user_409,4956343384080417,0.9989278162877027
user_410,4659946994991117,0.9995668539285111
user_410,5020230288867337,0.9992579589995311
user_410,4925191512588339,0.9989932022849012
user_410,4941172976844805,0.9989660852924932
user_410,4943852101107744,0.9989634624215606
user_410,4940428047482957,0.9989622176537518
user_410,4943862666297367,0.9989607078117629
user_410,4945181514858517,0.9989462539262159
user_410,4945957398184047,0.9989399867116874
user_410,4956343384080417,0.9989299892234922
user_411,4659946994991117,0.999565591570751
user_411,5020230288867337,0.9992563315329132
user_411,4925191512588339,0.9989912889707863
user_411,4941172976844805,0.9989641368846391
user_411,4943852101107744,0.9989615095785377
user_411,4940428047482957,0.9989602692167185
user_411,4943862666297367,0.998958753684518
user_411,4945181514858517,0.9989442930743148
user_411,4945957398184047,0.9989380231160877
user_411,4956343384080417,0.9989280052981797
user_415,4659946994991117,0.9995661946438542
user_415,5020230288867337,0.9992571032651832
user_415,4925191512588339,0.9989921993697194
user_415,4941172976844805,0.9989650669395074
user_415,4943852101107744,0.9989624431014791
user_415,4940428047482957,0.9989611978913828
user_415,4943862666297367,0.9989596868245074
user_415,4945181514858517,0.9989452269404812
user_415,4945957398184047,0.9989389575292358
user_415,4956343384080417,0.9989289535028425
user_416,4659946994991117,0.9995660785673536
user_416,5020230288867337,0.9992569525176485
user_416,4925191512588339,0.9989920227578891
user_416,4941172976844805,0.9989648876610242
user_416,4943852101107744,0.9989622636761859
user_416,4940428047482957,0.99896101834072
user_416,4943862666297367,0.9989595070885595
user_416,4945181514858517,0.9989450461058402
user_416,4945957398184047,0.9989387762947833
user_416,4956343384080417,0.9989287711884854
user_432,4659946994991117,0.9995677134371749
user_432,5020230288867337,0.9992590837788552
user_432,4925191512588339,0.9989945157281719
user_432,4941172976844805,0.9989674143392032
user_432,4943852101107744,0.9989647906140893
user_432,4940428047482957,0.9989635507247
user_432,4943862666297367,0.9989620397412243
user_432,4945181514858517,0.9989475975781485
user_432,4945957398184047,0.9989413344263848
user_432,4956343384080417,0.9989313390697452
user_439,4659946994991117,0.9995661246692115
user_439,5020230288867337,0.9992570146513367
user_439,4925191512588339,0.9989920943066454
user_439,4941172976844805,0.9989649591191406
user_439,4943852101107744,0.9989623346567925
user_439,4940428047482957,0.9989610904602492
user_439,4943862666297367,0.9989595785879369
user_439,4945181514858517,0.9989451190279119
user_439,4945957398184047,0.9989388496785773
user_439,4956343384080417,0.9989288433806761
user_441,4659946994991117,0.9995653405396745
user_441,5020230288867337,0.999256009687086
user_441,4925191512588339,0.9989909096772718
user_441,4941172976844805,0.9989637497409221
user_441,4943852101107744,0.9989611211446124
user_441,4940428047482957,0.9989598824895711
user_441,4943862666297367,0.9989583652972565
user_441,4945181514858517,0.9989439041038832
user_441,4945957398184047,0.9989376338317684
user_441,4956343384080417,0.9989276107376769
user_451,4659946994991117,0.9995659945202513
user_451,5020230288867337,0.9992568509512766
user_451,4925191512588339,0.9989918995941099
user_451,4941172976844805,0.9989647587133376
user_451,4943852101107744,0.9989621328263936
user_451,4940428047482957,0.9989608910504542
user_451,4943862666297367,0.9989593773390463
user_451,4945181514858517,0.9989449188666977
user_451,4945957398184047,0.9989386497814957
user_451,4956343384080417,0.9989286384622023
user_452,4659946994991117,0.9995654216152188
user_452,5020230288867337,0.9992560940423142
user_452,4925191512588339,0.9989910200052794
user_452,4941172976844805,0.998963872559733
user_452,4943852101107744,0.9989612490198878
user_452,4940428047482957,0.9989600003825038
user_452,4943862666297367,0.998958489733612
user_452,4945181514858517,0.9989440201874537
user_452,4945957398184047,0.9989377473934753
user_452,4956343384080417,0.9989277400356198
user_456,4659946994991117,0.9995674999798954
user_456,5020230288867337,0.9992587956212731
user_456,4925191512588339,0.9989941840305426
user_456,4941172976844805,0.9989670832353031
user_456,4943852101107744,0.9989644618057636
user_456,4940428047482957,0.9989632164696031
user_456,4943862666297367,0.9989617084671143
user_456,4945181514858517,0.9989472595565628
user_456,4945957398184047,0.9989409942175574
user_456,4956343384080417,0.9989310046321379
user_462,4659946994991117,0.9995662803478793
user_462,5020230288867337,0.999257210961206
user_462,4925191512588339,0.9989923275323377
user_462,4941172976844805,0.9989651989060416
user_462,4943852101107744,0.9989625760315138
user_462,4940428047482957,0.9989613291758827
user_462,4943862666297367,0.9989598193529421
user_462,4945181514858517,0.9989453587061438
user_462,4945957398184047,0.9989390891066844
user_462,4956343384080417,0.9989290884638132
user_466,4659946994991117,0.999567679089871
user_466,5020230288867337,0.9992590337186725
user_466,4925191512588339,0.998994460059354
user_466,4941172976844805,0.998967360641927
user_466,4943852101107744,0.9989647381605424
user_466,4940428047482957,0.9989634956174416
user_466,4943862666297367,0.9989619862456842
user_466,4945181514858517,0.9989475413872881
user_466,4945957398184047,0.9989412773892219
user_466,4956343384080417,0.9989312856055316
user_473,4659946994991117,0.9995654632148011
user_473,5020230288867337,0.9992561496648783
user_473,4925191512588339,0.998991084280571
user_473,4941172976844805,0.9989639369728798
user_473,4943852101107744,0.9989613131048245
user_473,4940428047482957,0.9989600652863335
user_473,4943862666297367,0.9989585542107806
user_473,4945181514858517,0.9989440857590075
user_473,4945957398184047,0.9989378133234814
user_473,4956343384080417,0.9989278052007167
user_476,4659946994991117,0.9995660038749254
user_476,5020230288867337,0.9992568526185018
user_476,4925191512588339,0.9989919073159383
user_476,4941172976844805,0.998964771976855
user_476,4943852101107744,0.9989621485842832
user_476,4940428047482957,0.9989609017722761
user_476,4943862666297367,0.9989593912900269
user_476,4945181514858517,0.998944928336262
user_476,4945957398184047,0.9989386578797094
user_476,4956343384080417,0.998928654155487
user_478,4659946994991117,0.9995650276876898
user_478,5020230288867337,0.9992555963011167
user_478,4925191512588339,0.9989904293808918
user_478,4941172976844805,0.9989632659191515
user_478,4943852101107744,0.99896063863052
user_478,4940428047482957,0.9989593961764636
user_478,4943862666297367,0.9989578806901493
user_478,4945181514858517,0.9989434134039702
user_478,4945957398184047,0.9989371410926559
user_478,4956343384080417,0.9989271202413997
user_484,4659946994991117,0.999565753403611
user_484,5020230288867337,0.9992565308191317
user_484,4925191512588339,0.9989915284107552
user_484,4941172976844805,0.9989643855590374
user_484,4943852101107744,0.9989617610294368
user_484,4940428047482957,0.9989605156144479
user_484,4943862666297367,0.9989590036703924
user_484,4945181514858517,0.9989445398566543
user_484,4945957398184047,0.9989382690014352
user_484,4956343384080417,0.9989282604666998
user_486,4659946994991117,0.999565434174039
user_486,5020230288867337,0.9992561239047284
user_486,4925191512588339,0.998991047528247
user_486,4941172976844805,0.9989638934815203
user_486,4943852101107744,0.9989612667467496
user_486,4940428047482957,0.9989600246493775
user_486,4943862666297367,0.9989585098633937
user_486,4945181514858517,0.9989440463465366
user_486,4945957398184047,0.9989377754110778
user_486,4956343384080417,0.9989277584594176
user_491,4659946994991117,0.9995654843954076
user_491,5020230288867337,0.9992561788158761
user_491,4925191512588339,0.9989911175227264
user_491,4941172976844805,0.9989639698632353
user_491,4943852101107744,0.998961345631398
user_491,4940428047482957,0.9989600986296207
user_491,4943862666297367,0.9989585870821934
user_491,4945181514858517,0.9989441195496795
user_491,4945957398184047,0.9989378474078573
user_491,4956343384080417,0.9989278383008345
user_492,4659946994991117,0.9995666014926095
user_492,5020230288867337,0.9992576506391845
user_492,4925191512588339,0.9989928302426276
user_492,4941172976844805,0.9989656975236478
user_492,4943852101107744,0.9989630697084314
user_492,4940428047482957,0.9989618340684506
user_492,4943862666297367,0.9989603178353708
user_492,4945181514858517,0.9989458700723634
user_492,4945957398184047,0.9989396046025203
user_492,4956343384080417,0.9989295907772978
user_495,4659946994991117,0.999566486733725
user_495,5020230288867337,0.9992574863213795
user_495,4925191512588339,0.9989926461230159
user_495,4941172976844805,0.9989655185236591
user_495,4943852101107744,0.9989628941785214
user_495,4940428047482957,0.9989616510658522
user_495,4943862666297367,0.9989601393303382
user_495,4945181514858517,0.9989456838253842
user_495,4945957398184047,0.9989394159160647
user_495,4956343384080417,0.9989294119565315
user_496,4659946994991117,0.9995657701866775
user_496,5020230288867337,0.9992565588845815
user_496,4925191512588339,0.998991557838435
user_496,4941172976844805,0.9989644121847433
user_496,4943852101107744,0.9989617861908973
user_496,4940428047482957,0.9989605438134712
user_496,4943862666297367,0.9989590299729171
user_496,4945181514858517,0.998944569052457
user_496,4945957398184047,0.9989382990948636
user_496,4956343384080417,0.9989282862236556
user_498,4659946994991117,0.9995660018350561
user_498,5020230288867337,0.9992568513920619
user_498,4925191512588339,0.9989919050960422
user_498,4941172976844805,0.9989647689870464
user_498,4943852101107744,0.9989621452549192
user_498,4940428047482957,0.9989608991256668
user_498,4943862666297367,0.998959388203868
user_498,4945181514858517,0.9989449258511122
user_498,4945957398184047,0.9989386555780513
user_498,4956343384080417,0.9989286508157227
