,unique_id,其他,影视,物料,舞台,avg_cate_play_ratio,avg_video_popularity
0,5260727951228931,True,False,False,False,0.00013991306186944343,0.3181161645597873
1,5260727041064991,True,False,False,False,6.670305537655894e-05,0.31795854099859233
2,5259772249964614,True,False,False,False,0.00011950283444877933,0.3183068974846927
3,5259312390406147,True,False,False,False,0.000107931896271213,0.3181952784074947
4,5258677444345963,True,False,False,False,0.00026887230226406233,0.31810943055836816
5,5258598297567259,True,False,False,False,5.363470167013107e-05,0.31794878739774496
6,5258337558921233,True,False,False,False,6.339059072180466e-05,0.3151755256676211
7,5258324715962484,True,False,False,False,0.00011820507432376602,0.3152164366045087
8,5257904945823921,True,False,False,False,9.437347930079407e-05,0.3177732267408245
9,5257125790679048,True,False,False,False,7.88457340287815e-05,0.3175556714135887
10,5256400687792164,True,False,False,False,8.368283994928572e-05,0.3173533154476735
11,5256399169716267,True,False,False,False,6.85181045024517e-05,0.3173419972066902
12,5256017466818569,True,False,False,False,0.00013211742587373402,0.31728648165436624
13,5255790815019067,True,False,False,False,0.00011911259888671239,0.31717379239040866
14,5255777905213512,True,False,False,False,9.143309971684779e-05,0.3171531337219472
15,5255307668946956,True,False,False,False,0.00017599623849215676,0.31711326457098266
16,5253269703032933,True,False,False,False,0.00017052386537761308,0.3150495187216724
17,5253251860463668,True,False,False,False,0.000378964106995141,0.3166468517254569
18,5252169298018349,True,False,False,False,0.00014000381432573806,0.3158506046112755
19,5250073773146497,False,False,False,True,0.00018430563296548304,0.3155400162351232
20,5250071521067117,False,False,False,True,0.00016341725665101084,0.31552835932744383
21,5250043062714494,False,False,False,True,0.00028835911939360315,0.31559808402683476
22,5250011345125535,False,False,False,True,0.0001414001069508109,0.31551607249970964
23,5249992919547919,True,False,False,False,0.0002591164132124079,0.3156305553896558
24,5249156722393109,False,True,False,False,0.027475562521966562,0.3153335556288513
25,5249155468296277,False,True,False,False,0.021901179601615153,0.31531278858704714
26,5249134521679881,True,False,False,False,0.0002730106142711483,0.3154349592109945
27,5248831982338104,True,False,False,False,0.0001337781958239259,0.3152280596455186
28,5248140001869939,True,False,False,False,0.00011110823224152531,0.31500517370448644
29,5247519500730454,True,False,False,False,0.00014715510788175553,0.3148261112339282
30,5247381881684009,True,False,False,False,0.00016278268085568153,0.3147347918384938
31,5247353699893310,True,False,False,False,0.00012260656845405595,0.3148077893656698
32,5246758398132259,False,True,False,False,0.0312354528935537,0.3146266813482672
33,5246725082775599,True,False,False,False,0.00011167089747055206,0.3145936613453985
34,5246456500781085,False,False,False,True,0.0006159218735900615,0.31475105199823844
35,5246462842306580,True,False,False,False,0.0001356113954410776,0.31450854632383646
36,5246447218524200,True,False,False,False,0.0001318451685048501,0.3146087184667066
37,5246407221641294,True,False,False,False,0.00014281714047087186,0.3145139243509703
38,5246374225051684,True,False,False,False,0.00014474109254431817,0.3145153602977618
39,5246328993677374,True,False,False,False,0.000331682077265625,0.3146548842032168
40,5246257124540476,True,False,False,False,0.00010785021906054782,0.31448782669536957
41,5246059606114340,False,False,True,False,0.00993587134441276,0.3143743991380145
42,5246058586898496,True,False,False,False,0.00011648985289979735,0.31439129183281544
43,5246041277005887,True,False,False,False,0.00010409306736994981,0.31438203945867826
44,5246017461747755,True,False,False,False,0.00036921729318896093,0.31457991563586957
45,5246011606499342,True,False,False,False,0.00015021346565888486,0.31441646154166886
46,5245734526582800,True,False,False,False,0.00023602898833100127,0.3136566455756511
47,5245723537506351,True,False,False,False,0.00015570398926471044,0.3143175763322437
48,5245723256487981,True,False,False,False,0.00013873327993761312,0.31420192712136225
49,5245270972366877,True,False,False,False,0.00011711604484823035,0.31418579303996047
50,5244481147175018,False,False,False,True,0.00013102267420892733,0.3135536028466988
51,5244480417366020,False,False,False,True,0.00010485455141185022,0.31343601646231567
52,5243826311462944,False,False,False,True,0.000167289070738453,0.3137798077213527
53,5243810611920919,False,False,True,False,0.019762219450258408,0.3138257783386799
54,5243106090483744,True,False,False,False,0.0001349307520188678,0.31358119063576234
55,5242633392422925,True,False,False,False,0.0002985029792441685,0.31360029012992097
56,5242638798880797,True,False,False,False,0.0023739299774919,0.31514929063783015
57,5242250624696364,True,False,False,False,5.7101445500586245e-05,0.31331713637115355
58,5242248468824097,True,False,False,False,6.224710977249222e-05,0.31332097685148713
59,5242094713765994,True,False,False,False,9.317554687770485e-05,0.31334406037349266
60,5241343320981577,False,False,False,True,0.00021188168815786581,0.3116420483447782
61,5236884616708189,True,False,False,False,0.000159452065709679,0.31184877988440696
62,5236532714602505,False,False,False,True,0.00015901139924142258,0.31171552677866265
63,5236146247237656,False,False,False,True,0.00028213265974848397,0.31168125240151767
64,5236117289500694,False,False,False,True,0.00016903684888445138,0.31161813847603426
65,5236106417864754,True,False,False,False,0.00010383896049232481,0.31160130674123865
66,5235927145185361,False,False,False,True,0.00025300302398189846,0.3115620133236575
67,5235929087148118,False,False,False,True,0.00041037588121143985,0.3116498363712875
68,5235919855485027,False,False,False,True,0.0001774358938637603,0.3115198425466604
69,5235919113093176,False,False,False,True,0.00011031635811810473,0.31148238601007283
70,5235917439565849,False,False,False,True,0.0001259978120391732,0.3114911371574998
71,5235915530895450,False,False,False,True,0.00013746760612230765,0.31149753795805596
72,5235912129577108,False,False,False,True,0.00014248033094382565,0.3115003353449657
73,5235911420477515,False,False,False,True,0.00012580361446739525,0.31149102878415713
74,5235907150938211,False,False,False,True,0.00014064759136017137,0.3114993125715434
75,5235902038081600,False,False,False,True,0.00016415763489343097,0.3115124325193499
76,5235898061881398,False,False,False,True,0.00012383736405314363,0.31148993150406173
77,5235888213655712,False,False,False,True,0.0008041721447323491,0.3118695971903801
78,5235886896644145,False,False,False,True,0.00015681453921068467,0.3115083346523273
79,5235883322834986,False,False,False,True,0.00018090717545930288,0.311521779720162
80,5235877543346238,False,False,False,True,0.00012207744855890606,0.3114889493706431
81,5235878856163400,False,False,False,True,8.005794896545481e-05,0.3114655000886059
82,5235873323876410,False,False,False,True,0.00011969852830462634,0.31148762179719447
83,5235869620305971,False,False,False,True,0.00015623194649535087,0.311508009532299
84,5235867070169190,False,False,False,True,0.00012520888440382532,0.31149069689079495
85,5235868202369063,False,False,False,True,0.00011793861281038877,0.3114866396637758
86,5235867317633115,False,False,False,True,0.0001278912383640081,0.3114921937975917
87,5235835302248463,True,False,False,False,0.00014063000627417106,0.3115257827605098
88,5235803551367192,True,False,False,False,0.00012669042898731466,0.31151537891960596
89,5235499032576073,True,False,False,False,0.0001551685497725721,0.3114336505650047
90,5234757576097846,True,False,False,False,0.0001878485092842642,0.31125207518756154
91,5233327263907846,True,False,False,False,0.00021339532573110464,0.31085920981676035
92,5233226357080074,True,False,False,False,0.00018834764779379534,0.3108405154151362
93,5233042797559854,True,False,False,False,0.000502832134591683,0.3110752317555281
94,5232875457413128,True,False,False,False,0.0002401763755837239,0.3107762148487158
95,5232828443721788,True,False,False,False,0.00014862529767372868,0.3107078854561128
96,5231473590992934,True,False,False,False,7.049650804967481e-05,0.310237641518589
97,5231405282820169,False,False,True,False,0.05655530249773286,0.31058375210865874
98,5230871146594375,True,False,False,False,0.0002986209574374456,0.3103049197369333
99,5230777265225851,True,False,False,False,0.00036123107703516335,0.31024866589121197
100,5230516278853681,True,False,False,False,0.00013689100507483198,0.31008122907666524
101,5230073889095715,True,False,False,False,0.00010877589411475313,0.3098542791352801
102,5228979410370567,True,False,False,False,0.0001466015178983583,0.30957356116172263
103,5228870434226225,False,False,True,False,0.05611336662281214,0.30985975483992023
104,5227405611040796,True,False,False,False,6.139403668332261e-05,0.3090980340237399
105,5225347872915495,True,False,False,False,0.00019976430679566614,0.3085834085873589
106,5222814878466056,True,False,False,False,0.00019627033722829847,0.30785991931866463
107,5221103040397346,True,False,False,False,0.0002429170997637329,0.30737981887278376
108,5219070413570085,True,False,False,False,0.0010765419375494566,0.30748708162459926
109,5219064952586295,True,False,False,False,0.0007896552727108413,0.3072729629926635
110,5218842365067284,True,False,False,False,0.0019434729267952255,0.3080311348176987
111,5217748985511976,True,False,False,False,0.00023741750091227912,0.3064488665443973
112,5216002871328773,True,False,False,False,0.00040580868356705475,0.3060596303730773
113,5215954519392260,False,True,False,False,0.15506638776707285,0.3063344448502863
114,5215928317837398,True,False,False,False,0.00011131696289100299,0.30563386953441957
115,5215927093100566,True,False,False,False,0.00010132511745296334,0.3058323782466672
116,5215822961115238,True,False,False,False,0.0001113895648560387,0.3057369067975387
117,5215660800671808,True,False,False,False,0.0001504675725365098,0.3057660727734059
118,5215206306152451,True,False,False,False,0.0001539070906300766,0.30566565679051455
119,5215139805200436,False,False,False,True,0.0003611225220692564,0.30575231482470994
120,5216324348215310,True,False,False,False,1.697070932709731e-05,0.3055634539549686
121,5214502430638104,True,False,False,False,0.0001194120819924847,0.3054339451953822
122,5214174176018466,True,False,False,False,0.00013243505947076526,0.30534068185311225
123,5214159718252555,True,False,False,False,0.00023282542662384553,0.3054156084729551
124,5214110573330479,True,False,False,False,0.00014974155288615274,0.3053535986009011
125,5213642681942028,True,False,False,False,7.422643400338444e-05,0.30519425461289
126,5212750410874893,True,False,False,False,0.00014213649704866206,0.3049359902412835
127,5212349842522147,True,False,False,False,0.00011621759553091344,0.3048136625231551
128,5211982970683430,True,False,False,False,0.00013474017186064906,0.3047245038212418
129,5211258257866819,True,False,False,False,0.00017919072495367578,0.3042427642285518
130,5210479736324137,True,False,False,False,0.000521454538623245,0.30460119682052617
131,5209804533334039,True,False,False,False,0.00015274545918950524,0.3041200436570559
132,5209447534886925,True,False,False,False,0.00015001381025503665,0.3040150218070978
133,5209110233153599,True,False,False,False,0.00017962633674391246,0.3039341401192368
134,5209038605451332,False,False,False,True,0.00012503896152851962,0.30386985440698505
135,5208708578476065,False,False,False,True,0.00014254101768500625,0.30223189233133596
136,5208672448479240,False,False,False,True,0.0018726229099580779,0.3047421230419329
137,5208626084905006,True,False,False,False,0.00013032052723910018,0.3037943575195919
138,5208004555898884,False,False,False,True,0.000148027099087733,0.3019260046489253
139,5207962155679746,False,False,False,True,0.00037068675247933916,0.3036979906828849
140,5207900271345720,True,False,False,False,0.00020381186634638512,0.3036432418247951
141,5207841842069549,True,False,False,False,8.989938320546842e-05,0.30345523986096085
142,5207608139907103,True,False,False,False,0.00012328721187626575,0.30348015895645913
143,5207259731394617,True,False,False,False,9.95554445552179e-05,0.3033594636118059
144,5206905828606037,True,False,False,False,0.00015151122578389818,0.30329525787206035
145,5206544017981564,True,False,False,False,0.00019067091067500344,0.3032215017314851
146,5206015743033440,True,False,False,False,9.074338104900854e-05,0.3030439374752245
147,5205793646248171,True,False,False,False,0.00013719956342623374,0.30297562709512244
148,5205777349542046,True,False,False,False,7.432626170530854e-05,0.3029287014377122
149,5205658220560520,True,False,False,False,7.745722144747355e-05,0.30282805516146744
150,5205490125176869,False,False,True,False,0.0132503904063181,0.3028636625778944
151,5204721338875998,True,False,False,False,9.937393964262862e-05,0.30263844660999306
152,5204401929781269,True,False,False,False,9.745906281481177e-05,0.3025340343600878
153,5204054704324684,True,False,False,False,0.0001240041562809934,0.3024508632853613
154,5204042037788800,True,False,False,False,7.590535444483523e-05,0.3024149646155758
155,5204025360973941,True,False,False,False,7.00518210138311e-05,0.30241059581519625
156,5204020931788876,True,False,False,False,7.821954208034851e-05,0.3024166918157258
157,5204013826899982,False,False,False,True,0.00011411534811601063,0.30242199533618663
158,5204012857753719,True,False,False,False,6.194762666671991e-05,0.30240454722800403
159,5204009250652168,True,False,False,False,0.00012842380090254227,0.3024541618989812
160,5203984898523203,True,False,False,False,0.00018155936406290496,0.3024938197690933
161,5203678012309546,False,False,False,True,0.00029475550191406387,0.3023168367120492
162,5203675642528072,False,False,False,True,0.00017783642635549747,0.30214860610993277
163,5203596089163818,False,False,False,True,0.00015265142876569513,0.3023405175949405
164,5203125053882375,False,False,False,True,0.00014126659612021355,0.3022311811312742
165,5202934083026981,False,False,False,True,0.00014634000768291218,0.3021310293084057
166,5208013884293217,False,False,False,True,8.751028078243316e-06,0.3020542467950682
167,5202928869507306,False,False,False,True,0.00012279355210483722,0.30211788904059733
168,5202924832751964,False,False,False,True,0.00019143025638005562,0.30215619224392515
169,5202924830392506,False,False,False,True,0.00012058455472586317,0.3021166562938236
170,5202922661937191,False,False,False,True,0.00011449160591133039,0.30211325608019485
171,5202919021281333,False,False,False,True,0.0001375647049081966,0.3021261321879802
172,5202918903841070,False,False,False,True,0.00012421362184846337,0.3021186815206663
173,5202915871359042,False,False,False,True,0.0001050608863318643,0.3021079931997377
174,5202903689265246,False,False,False,True,0.00014313574774857618,0.3021292411482503
175,5202900432125963,False,False,False,True,0.00011131162067346666,0.30211148146670735
176,5202899169640666,False,False,False,True,0.00016254336757801164,0.3021400717091912
177,5202893956120623,False,False,False,True,0.0001005336554397911,0.3021054667461848
178,5202888224866428,False,False,False,True,0.00012137348236121105,0.3021170965605285
179,5202747600076850,False,False,False,True,0.00014187346353201961,0.30212853672152246
180,5202506133995562,False,False,False,True,0.00015325829617750123,0.3020319070322933
181,5202396201287712,False,False,False,True,0.00019678282695217563,0.3020561962077368
182,5202195889717267,True,False,False,False,0.00012100932522327033,0.30193371270292824
183,5202086223609984,False,False,False,True,0.00047203361025095335,0.3021068187979675
184,5202039966203919,False,False,False,True,0.0001585137679637416,0.3019318568094337
185,5201852252749994,False,False,False,True,0.00017470499051063784,0.30183790936043764
186,5201843966378007,False,False,False,True,0.00016012803527914573,0.3018297745863976
187,5201842215780496,False,False,False,True,0.00014620649685231484,0.30182200557238925
188,5201836630540319,False,False,False,True,0.00015291845042688979,0.30182575122604793
189,5201836291063882,False,False,False,True,0.0001425774297297146,0.3018199803455467
190,5201832172257386,False,False,False,True,0.0008714373286569949,0.30222672582088433
191,5201830069076036,False,False,False,True,0.00013972515289422616,0.301818388612075
192,5201828434870307,False,False,False,True,0.00013167809101367789,0.3018138978916849
193,5201823137464386,False,False,False,True,0.010939731810966446,0.3078454095090306
194,5204342796910688,False,False,False,True,5.619592233324072e-06,0.3017435500455731
195,5201818343637080,False,False,False,True,0.00015210524809506967,0.30182529741267516
196,5201818540769580,False,False,False,True,0.00018101641159342781,0.30184143149407694
197,5201815654825988,False,False,False,True,0.0001452597836898974,0.3018214772523433
198,5201806595391730,False,False,False,True,0.00022906817326023734,0.3018682471230733
199,5201805534232601,False,False,False,True,0.00012005051140347384,0.30180740903778774
200,5201659763556454,False,False,False,True,0.00015244509384568109,0.3018254870660251
201,5201388641124355,False,False,False,True,0.00023587722562074347,0.3017690638869557
202,5201377757167681,False,False,False,True,0.0001736490412141513,0.30173433700393865
203,5201306835419169,False,False,False,True,0.0002455749668614053,0.30177447578075917
204,5201063238631488,False,False,False,True,0.00017283583888220628,0.30163090011411803
205,5200695377199161,False,False,False,True,0.00017186485102339046,0.3015273751709565
206,5200673902624958,False,False,False,True,0.0001752633085295706,0.3015292717044547
207,5200655636430852,False,False,False,True,0.0001900830107257944,0.3015375419451732
208,5200339318800413,False,False,False,True,0.000189803851716328,0.30143440308204517
209,5200316568633373,False,False,False,True,0.00016425473367941,0.3014201452141398
210,5200313028640790,False,False,False,True,0.0005133612809949275,0.3016149666177324
211,5199662534295738,False,False,False,True,0.00022457735441280824,0.299291164078328
212,5199475707150346,False,False,False,True,0.00017664696622843185,0.3011181115587307
213,5199266168373302,True,False,False,False,0.00014251765736509955,0.30112590089274077
214,5199160916246536,False,False,False,True,0.00013518578465391686,0.30109497385005385
215,5198909388292249,True,False,False,False,9.522655238996367e-05,0.3009876219732265
216,5198841050234897,False,False,False,True,0.0001973532823192543,0.3010266837899535
217,5198826282090528,False,False,False,True,0.00015032105790435988,0.3010004371210065
218,5198533406687570,False,False,False,True,0.00015885361371435302,0.3009022156983057
219,5198166060892225,False,False,False,True,0.00026158412918485713,0.30085656212017214
220,5197798832799751,True,False,False,False,0.00016395338754184106,0.30072996720167294
221,5197698551447742,False,False,False,True,0.00010206296131754239,0.30066455711599016
222,5197335186047035,True,False,False,False,8.9500072397772e-05,0.3005714156937308
223,5197328282484940,False,False,False,True,8.272816557740145e-05,0.3005507841186049
224,5197290818699294,True,False,False,False,0.00014736383853123318,0.3006146024708161
225,5197125210800332,False,False,False,True,0.00010737911984496342,0.30046155768335236
226,5196776412741674,False,False,False,True,0.00013434830762562453,0.3003736249548788
227,5196762613481532,False,False,False,True,9.120003464621399e-05,0.30034954575278683
228,5196367170306115,False,False,False,True,9.73536702019274e-05,0.30024999675663744
229,5196048298344547,False,False,False,True,0.0001664151816654538,0.30018555395020463
230,5195990676733982,False,False,False,True,0.00019246193098008802,0.3002000895248008
231,5195637335982105,True,False,False,False,0.00026242887786720405,0.3001855661893717
232,5194574843281462,True,False,False,False,0.00026252870556904535,0.2998766914667016
233,5194239139577985,True,False,False,False,0.0003351941973241036,0.2998279424749656
234,5194062085423121,False,False,False,True,0.00017366117856229717,0.29957169917186943
235,5193748536033294,True,False,False,False,0.00015105746350242496,0.2995875284532446
236,5193485746372782,False,False,False,True,0.00026697311180157716,0.2995207894866123
237,5193483804147799,True,False,False,False,0.0003813145956130968,0.2993474491757172
238,5193205373665342,True,False,False,False,0.00029910194545586575,0.2994920556966153
239,5193069218431100,False,False,False,True,0.00030644376826542805,0.29933685021563045
240,5193059399565374,True,False,False,False,0.0006055457646258108,0.2997207708631526
241,5192993762639944,False,False,False,True,0.00018131984529934836,0.2993700069926784
242,5192968634826827,False,False,False,True,0.00022929878287679544,0.2993967819816713
243,5192704670498880,False,False,False,True,0.0002405986540845683,0.2991971218026569
244,5192632201314437,False,False,False,True,0.00021676090214888623,0.29928680205128233
245,5192438072148019,False,False,False,True,0.00028169571521198436,0.2992200563113162
246,5192436864188696,False,False,False,True,0.00017219255942576515,0.29915894729267367
247,5192432694788214,False,False,False,True,0.0002798629756284776,0.2992190335378939
248,5192430383988856,False,False,False,True,0.00020906582336707258,0.29917952468112813
249,5192428429181068,False,False,False,True,0.00017657414213906937,0.2991613924662194
250,5192424117436592,False,False,False,True,0.00019904037372403606,0.2991739299073087
251,5192421500190800,False,False,False,True,0.00020552171768216756,0.299177546867623
252,5192420489625750,False,False,False,True,0.0003233753690549497,0.2992433159400036
253,5192418581217341,False,False,False,True,0.000266439068479261,0.29921154223057644
254,5192418039890093,False,False,False,True,0.00017720528424736463,0.2991617446795834
255,5192402994921533,False,False,False,True,0.0002925829165798742,0.299226131991844
256,5192400843243677,False,False,False,True,0.00025473866477958854,0.29920501273667577
257,5192400264429798,False,False,False,True,0.00020936925707299315,0.29917969401447614
258,5192393763258445,False,False,False,True,0.0003996707400671997,0.29928589311703596
259,5192391758643387,False,False,False,True,0.0003499925737366626,0.2992581698612941
260,5192389501845639,False,False,False,True,0.0002429290249459536,0.29919842228276994
261,5192368408952927,False,False,False,True,0.0002449438247531101,0.29919954665620097
262,5192054024634489,False,False,False,True,0.00030546064305830395,0.29913033542268724
263,5192043484610578,False,False,False,True,0.00039406328518206747,0.29917978076031637
264,5191920687710229,False,False,False,True,0.00032923770825293185,0.2991436043838401
265,5191642659881077,False,False,False,True,0.00021150543036258283,0.29897491996835085
266,5191310030864482,True,False,False,False,0.0003766499193595696,0.29903501845273817
267,5191301130289319,False,False,False,True,0.00040262011568857197,0.29897858980783565
268,5191258876870777,True,False,False,False,0.00016043219223766108,0.2988736437720514
269,5190484130463758,False,False,False,True,0.0002617297773635821,0.29869399879477593
270,5189377240793255,False,False,False,True,0.00019661290407683416,0.2983487106289422
271,5189145425805452,False,False,False,True,0.0002160690732993744,0.2982565852067712
272,5189130821500994,True,False,False,False,0.00021538280452391737,0.2982967578502613
273,5189105764728929,False,False,False,True,0.0002162389961747159,0.298256680033446
274,5189005621526633,False,False,False,True,0.00034031910719245495,0.29832592382612855
275,5188991767740449,False,False,False,True,0.00013913042283065623,0.2982136490430408
276,5188620248612945,True,False,False,False,0.0002394866569158221,0.29821176474870975
277,5188256120373305,False,False,False,True,0.0005899358110166439,0.2982592580586686
278,5187913537749035,False,False,False,True,0.00024158177929169236,0.2979618735253314
279,5187722764288117,False,False,False,True,0.0002918910877303623,0.2978869659179895
280,5187583341166672,False,False,False,True,0.0016935970234753525,0.29866919793261576
281,5187562084433971,False,False,False,True,0.00017226538351512765,0.29782020793885633
282,5187558167216212,False,False,False,True,0.0003447977886915758,0.29791649088055466
283,5186810838450227,False,False,False,True,0.0002336439535451748,0.29764849453560327
284,5186104979030019,False,False,False,True,0.00014329353327564577,0.2973921076849938
285,5185440358006815,False,False,False,True,0.0006381939076033949,0.29746232422275953
286,5185150334468222,False,False,False,True,0.0004208140006945218,0.2972380307357723
287,5185068432556063,False,False,False,True,0.0002335468547593582,0.297133524966693
288,5185062027853885,False,False,False,True,0.00022279316422220983,0.2971275237928383
289,5184082372657219,False,False,True,False,0.016538009023662995,0.29670785633970853
290,5183662912897092,True,False,False,False,0.00015282713640017045,0.2967053231128218
291,5182856452833294,True,False,False,False,0.00010615314812783808,0.2963615386271187
292,5182575669346405,False,False,False,True,0.00016732548278305302,0.29627270504523356
293,5182568148959394,True,False,False,False,0.00019309400125805282,0.2964264271660895
294,5182495902072881,True,False,False,False,0.0004024508426840752,0.2965826812063313
295,5182187012816901,False,False,False,True,0.0006838788863642192,0.29656097136361115
296,5182205778133045,True,False,False,False,0.0001597243230785629,0.29629853854081123
297,5181919483330782,True,False,False,False,0.00023952295789836893,0.2962551133895378
298,5181900646711460,True,False,False,False,0.00028241256874313387,0.2962871241656523
299,5181481648062633,True,False,False,False,0.00021472031159308806,0.29613361879148187
300,5181019339554831,True,False,False,False,0.00023634662192812328,0.29604677656976963
301,5180448553500688,True,False,False,False,0.0003551778882001958,0.2935608896929473
302,5180447794069605,True,False,False,False,0.0002528817194648689,0.2927636591378465
303,5180312091557998,True,False,False,False,0.002125948890666787,0.2972511201394006
304,5180306416926738,False,False,True,False,0.02844241647179887,0.2958649370323035
305,5179970079621240,True,False,False,False,0.0002174791862643704,0.2957237455792029
306,5179940774281241,False,False,False,True,0.00021484320112754636,0.295578341112403
307,5179930602831970,True,False,False,False,0.00023458602427590318,0.2956335302371978
308,5179921425956938,False,False,False,True,0.0008943769168232238,0.2959575597586825
309,5179745487487014,True,False,False,False,0.00027482566339702614,0.29566356319980697
310,5179720786968667,True,False,False,False,0.0019167372531707898,0.2968890083196059
311,5179635885867100,True,False,False,False,0.0002034851575037888,0.2956103180218478
312,5179557389467664,False,False,True,False,0.011605620367482743,0.2955402682024285
313,5179366007570514,True,False,False,False,0.0001891099684266283,0.2954966059844679
314,5179233706639368,True,False,False,False,0.0002902445057214324,0.29557208801769236
315,5178831045066839,False,False,True,False,0.01719514845506678,0.29527072622984224
316,5178659108225051,False,False,True,False,0.01730082877298274,0.2952714712965736
317,5177912966447187,True,False,False,False,0.0002822492143218357,0.2951541884047162
318,5177902275428368,True,False,False,False,0.0003380892006799365,0.29519586472833703
319,5177434941620272,True,False,False,False,0.0001245758967556496,0.2948305423482634
320,5177412594368547,True,False,False,False,0.0001688086439535765,0.29496653865424594
321,5177411898114138,False,False,True,False,0.009816740804216736,0.29449782549018844
322,5177407846416452,False,False,False,True,0.00010493951284950306,0.29479612703860675
323,5177214606704687,True,False,False,False,0.00017968078821773266,0.2948716700318365
324,5177183115608236,True,False,False,False,0.000705155660654949,0.2952638596125763
325,5177090719285313,True,False,False,False,0.00024932422317820675,0.29492364859635234
326,5177056850280469,True,False,False,False,0.00012994844216829217,0.294834552161945
327,5177020573745210,False,False,True,False,0.007962531589875593,0.2947937021850627
328,5176692730429476,True,False,False,False,0.00022606436862986524,0.29480330546506295
329,5175286010937452,False,False,True,False,0.022557944224213335,0.2909832457689873
330,5175279912419399,False,False,True,False,0.015236219652972742,0.2916525077263037
331,5175272610136096,False,False,True,False,0.016827188802687208,0.29238460590241266
332,5175268436803605,False,False,True,False,0.021455986727400116,0.29313812136038225
333,5175263034540089,False,False,True,False,0.02626828411322144,0.2938929305251309
334,5175257867157571,False,False,False,True,0.0005423452685827881,0.29442232598779366
335,5174896938909800,False,False,False,True,0.0006529529230585646,0.2943810683033753
336,5174891540840461,True,False,False,False,0.00015008641222007233,0.2941287006547832
337,5174887816298530,True,False,False,False,0.0001677922164430784,0.2942448985057123
338,5174649026183285,True,False,False,False,0.0003276254424692693,0.29426120738629524
339,5174578339840024,True,False,False,False,0.0001533171996641615,0.2941311119616593
340,5174569821208682,True,False,False,False,0.00013744459505822927,0.29411926540063005
341,5174278711345265,True,False,False,False,0.00027272928165657305,0.2941172524129545
342,5174245290868782,True,False,False,False,0.00014475016778994765,0.2940217348579893
343,5173209511952496,False,False,False,True,0.0003973646439022686,0.2938265031318591
344,5172707092791340,True,False,False,False,0.00022283358118579944,0.29346211416436585
345,5172703456591889,True,False,False,False,0.00031747024260976266,0.29373871264339785
346,5172484782358574,True,False,False,False,0.0002225159475886774,0.2935648601741263
347,5172347691270206,False,False,False,True,0.0007427571626575395,0.2937103026659282
348,5172339638468612,True,False,False,False,0.0001939198486103427,0.2935435173989388
349,5172303785295940,True,False,False,False,0.00029197787763657996,0.29351372019551597
350,5173115773452396,True,False,False,False,0.003516530627978258,0.2959203737912706
351,5172027410284681,True,False,False,False,0.00026875432407078524,0.29349638723401006
352,5171745104003113,True,False,False,False,0.00020697005182551977,0.2933472913002228
353,5171355461812260,False,False,False,True,0.00020709957295282443,0.2932054089670621
354,5171239837433918,True,False,False,False,9.502689698611546e-05,0.2931607591498496
355,5171006013374564,True,False,False,False,0.0001875036499502321,0.29312679634606503
356,5170883434840153,True,False,False,False,9.062540285582553e-05,0.29305449100644987
357,5170591964004377,False,False,False,True,0.0013494910636329637,0.29363696254955374
358,5170596984848465,False,False,False,True,0.0001243471326790607,0.29285027914704004
359,5170253928529941,True,False,False,False,0.00013346963747252414,0.29288050176299907
360,5170163910377527,True,False,False,False,9.306664393015129e-05,0.29274736380393146
361,5170113058635808,True,False,False,False,0.0001492514896221617,0.29278929751424126
362,5169966123778155,False,False,False,True,0.00017026272105627943,0.29071325806386294
363,5180450457452672,False,False,False,True,4.1327670743992364e-05,0.29259798339011944
364,5180450361245704,True,False,False,False,0.00035446094379554635,0.2928394730644332
365,5169502724489229,True,False,False,False,0.00021132616972756164,0.2927326440418186
366,5169438056710176,False,False,False,True,0.0002003876193782973,0.29268674793116456
367,5169427700711426,False,False,False,True,0.00038588271247084593,0.2927902647934913
368,5169214710022171,True,False,False,False,0.00030812273961143484,0.2927019053449807
369,5169191679098932,True,False,False,False,0.0006912614595962086,0.292987861956491
370,5168507915272225,True,False,False,False,0.00037746669146622273,0.29254769423658167
371,5168451984228386,True,False,False,False,0.0005682737308256142,0.2926901035822873
372,5168390520897685,True,False,False,False,0.0008453954313669384,0.2928969341069233
373,5167712163528735,True,False,False,False,0.0036513978532778696,0.2947852353893092
374,5167438547845181,True,False,False,False,0.00011190685385691815,0.29204054371001875
375,5167243445600283,False,False,False,True,0.00015126777106677734,0.2919384547136486
376,5167064537825352,False,False,False,True,0.00021973455246671264,0.2919766630903015
377,5167056769974300,True,False,False,False,0.0007369462460949651,0.2924040604607668
378,5166714686734353,False,False,False,True,0.00021872715256313438,0.2918731178271382
379,5166251199365148,True,False,False,False,0.00016337257182157962,0.2917700060573459
380,5165125477269565,False,False,False,True,0.00023627775811248066,0.29147097976219805
381,5164881658183709,True,False,False,False,0.00013155476064470725,0.2912313433663772
382,5164078587379741,False,False,False,True,0.5303331413684663,0.5870893566435986
383,5164085499854855,False,False,False,True,0.008679818256141881,0.2958740086488939
384,5163709463724075,False,False,False,True,0.0001958846631827223,0.2910365058011152
385,5163480328896526,False,False,False,True,0.0001502118217702348,0.29101101774556754
386,5163480047878166,False,False,False,True,0.0001806401537981448,0.29102799849370947
387,5163268130668586,False,False,False,True,0.0005644837917653801,0.2911392221025384
388,5163143848984605,False,False,False,True,0.0001940883356436532,0.2906235710419036
389,5163061557002267,False,False,False,True,0.00011258604223825938,0.29078405425751436
390,5163052761546818,False,False,False,True,9.360322959696596e-05,0.29067047768681287
391,5163050228187164,False,False,False,True,0.00012770917814046627,0.29079249383158096
392,5162907227586634,False,False,False,True,0.00011992913792111265,0.29078815212453707
393,5162902236102687,False,False,False,True,0.00011583885156553984,0.2907858695110054
394,5162551588356152,False,False,False,True,0.0001317509151030946,0.29069176627532917
395,5162535146684514,False,False,False,True,0.0003008848627733665,0.29068316960708157
396,5162380016156677,False,False,False,True,0.0005798860866771532,0.2909418513103897
397,5162378028056635,False,False,False,True,0.0002006425036913095,0.29062722864222146
398,5162377700900926,False,False,False,True,0.00014733527023827407,0.2905974801596369
399,5162377658695716,False,False,False,True,0.000236083560540685,0.2906470067772731
400,5162375519862904,False,False,False,True,0.00012610704817329828,0.29058563359860773
401,5162373145624596,False,False,False,True,0.00021451549272517165,0.29063497056289406
402,5162372181196924,False,False,False,True,0.00011336283252537113,0.2905785215979898
403,5162371015180418,False,False,False,True,0.00010987941358160436,0.2905765776511542
404,5162371602120770,False,False,False,True,0.0001627375651498073,0.2906060755203837
405,5162371099066417,False,False,False,True,9.799694965844181e-05,0.29056994655724483
406,5162366724145165,False,False,False,True,0.00012348538095429613,0.29058417055848057
407,5162364853485608,False,False,False,True,0.0002688665381264629,0.29066530155219583
408,5162361678397478,False,False,False,True,0.0005907732880448806,0.29084494391446974
409,5162361925861432,False,False,False,True,0.00011747739357741618,0.2905808177581893
410,5162360491409493,False,False,False,True,0.000129687565902954,0.29058763173211466
411,5162358411034649,False,False,False,True,0.00016809013572192732,0.2906090625606432
412,5161959587512371,False,False,False,True,0.00015822247160607474,0.29050057276371705
413,5161893489213476,False,False,False,True,0.0002117724520237409,0.29053045671298
414,5161558712451083,False,False,False,True,0.00018002114903799542,0.2904097545949928
415,5161255443562600,False,False,False,True,0.0002208997378973241,0.2901236179542981
416,5161243309178932,False,False,False,True,0.000212379319435582,0.2903248292267805
417,5161202121375804,False,False,False,True,0.0003294076311282733,0.29039013771245453
418,5160870410649688,False,False,False,True,0.00025306371072311506,0.2902445503656386
419,5160542784913431,False,False,False,True,0.0008866332886485019,0.29049513531990856
420,5159985970348097,False,False,False,True,0.000855416028985235,0.29037473122861396
421,5159707514699820,False,False,False,True,8.663639170943246e-05,0.2898427251815596
422,5159706428375088,False,False,False,True,4.16311044498954e-06,0.2896937173011133
423,5159414383181932,False,False,False,True,0.00012569437833327018,0.28976153869367227
424,5159386402979898,False,False,False,True,6.83211332211257e-05,0.2897295211442239
425,5159135654903827,False,False,False,True,0.0006716201646456139,0.2899632134036929
426,5157229834469437,False,False,False,True,0.00025982421369055047,0.2892184923481554
427,5157216400113713,False,False,False,True,0.00014793000030184403,0.2891560489827303
428,5157162847240232,False,False,False,True,0.00011740456948799944,0.28913901404791703
429,5156876854427742,False,False,False,True,0.0004614134305442217,0.2892280075748147
430,5156726681567248,True,False,False,False,0.00010795912200810138,0.28905108809277735
431,5155285300346914,False,False,False,True,0.0006585118285506261,0.2889260674385796
432,5154727034552327,False,False,False,True,0.0004791339589690718,0.28861999818365386
433,5154399027396629,True,False,False,False,0.00012997566790518057,0.28834663866573723
434,5154197155545108,True,False,False,False,0.00034687403844927626,0.2885085213464681
435,5152780286099535,True,False,False,False,0.0002631548975174902,0.2879311219588007
436,5152086778642448,True,False,False,False,0.0007328805360529727,0.288281702949259
437,5152177942102028,True,False,False,False,0.00027369125769325097,0.2878360027230362
438,5150588066005033,True,False,False,False,0.0004849175997191338,0.2875817197642749
439,5150398420287494,True,False,False,False,0.00020937499191729574,0.2872730847232936
440,5150374848299076,True,False,False,False,0.0008228706717146822,0.2877309688697408
441,5149623463903337,True,False,False,False,0.00022101853205992153,0.2870758087578197
442,5148480004358146,True,False,False,False,0.0003630370509154045,0.2868728554310185
443,5147085243351058,True,False,False,False,0.0002652059030297598,0.2863879065855505
444,5146218700144665,False,False,True,False,0.010625675601354273,0.2860589163686334
445,5145868714835995,False,False,True,False,0.028302149868019683,0.2860805558630128
446,5145867431116881,False,False,True,False,0.0232967457194612,0.2860452667932802
447,5145497648693251,True,False,False,False,0.00025093961690023965,0.2859653265988344
448,5144560888643596,True,False,False,False,0.0004684369536558835,0.28581870709026086
449,5143087744221196,True,False,False,False,0.0008122889353107379,0.2856634096334327
450,5140781602635833,True,False,False,False,0.00015654798710825057,0.28455609715889285
451,5140565575008279,True,False,False,False,0.0003067523775214304,0.2845652195321846
452,5140541613211656,True,False,False,False,0.00020430192961044198,0.2844887553655415
453,5139447847518268,True,False,False,False,0.0010451415876714936,0.28480736907072035
454,5137640857731103,True,False,False,False,0.00022301508609837096,0.2836788573685061
455,5137305799688287,True,False,False,False,0.0002928218754801432,0.2836279747765848
456,5128565839298633,True,False,False,False,0.00015011363795696073,0.2798140733485448
457,5128553927213088,True,False,False,False,0.0001655052545444171,0.27982556092287614
458,5128546595831818,True,False,False,False,0.0001254561955817076,0.27979567020027934
459,5128539461058595,True,False,False,False,0.00010365745557973554,0.2797794006521992
460,5128531869630515,True,False,False,False,0.00012611868851265844,0.2797961646536556
461,5128140343672889,True,False,False,False,0.00015286343738268824,0.28094893950964855
462,5127895526604864,True,False,False,False,0.00042845142141258803,0.28105164226440393
463,5127809354367016,True,False,False,False,0.00029542647097592655,0.2809523587357783
464,5126431215124550,True,False,False,False,0.0003313462931772296,0.2805672352856497
465,5126119276347414,True,False,False,False,0.0004842278810512319,0.28057835579244844
466,5126084912414727,True,False,False,False,0.000155812892212264,0.28033324238448654
467,5126083490545753,True,False,False,False,0.00019379279517142892,0.2803615887869492
468,5125005109821509,True,False,False,False,0.0001533898016291972,0.2800224846749862
469,5124944171040804,True,False,False,False,0.00023010285293494754,0.28007973966662714
470,5124890362314760,True,False,False,False,8.976325452102646e-05,0.27997499683086047
471,5124858565034019,True,False,False,False,0.00042859662534261287,0.28022788602616455
472,5124511738036230,True,False,False,False,0.00023773513450940116,0.27998245296400753
473,5123862942384149,True,False,False,False,0.0003930488882119272,0.2798924056478496
474,5122826647044098,False,True,False,False,0.09717898470084115,0.27965213802447325
475,5122762260283424,False,True,False,False,0.12177099493589405,0.27974375413909947
476,5122130614878295,True,False,False,False,0.00025695650475249796,0.2792759173501194
477,5121680306012251,True,False,False,False,0.0006517569153711709,0.2794675946192715
478,5121677479313430,True,False,False,False,0.0010897101189577482,0.2797944621676694
479,5121589415444490,True,False,False,False,0.00016862713904100497,0.2791070094146108
480,5121342379327540,False,True,False,False,0.024426560513672518,0.2789691707618016
481,5121250499166244,True,False,False,False,0.00020748734082632432,0.2790330297540163
482,5120599727472664,False,True,False,False,0.05237665465410339,0.2788673310712858
483,5119769863716899,True,False,False,False,0.0003111992478798392,0.2786985031082833
484,5117796699275493,False,True,False,False,0.04451324756652372,0.27801417179049187
485,5117766987088073,False,False,False,True,0.00016044360633328487,0.2779378769571968
486,5117765573607442,False,True,False,False,0.030033669752538617,0.2779602289591387
487,5117763853942892,False,True,False,False,0.025450167031662755,0.2779431533843218
488,5117762209513494,False,False,False,True,0.00021852081764303047,0.27797028736001256
489,5117732442538055,True,False,False,False,0.0004727295448386309,0.27820116322007077
490,5116715202445338,True,False,False,False,0.00017670410765116952,0.2776712746115325
491,5116623435268114,False,True,False,False,0.0921064053310499,0.27788252812321934
492,5115797090271277,False,True,False,False,0.27127390855545397,0.27834404016164704
493,5114447312650295,False,True,False,False,0.09651173142890092,0.2772810414526252
494,5114078579064897,False,False,False,True,0.0010700164831480773,0.2774156398368183
495,5112717485473879,False,False,True,False,0.09575501460319949,0.2770816686044671
496,5112696635326514,True,False,False,False,0.0007870688277064939,0.2769940081168512
497,5112532830978104,False,True,False,False,0.06093640507452558,0.2766335922455386
498,5111940335206439,True,False,False,False,0.00014710065640797872,0.2763104000024586
499,5111603700367368,True,False,False,False,0.00024406058071314474,0.2762797832256313
500,5110829272465422,True,False,False,False,0.0004788008841648718,0.2762490161279569
501,5110712348114975,True,False,False,False,0.000250794412970215,0.27607884288650575
502,5110495490015270,False,False,False,True,0.00011078971469931346,0.2740997934195551
503,5110494852481026,False,False,False,True,8.650288087883512e-05,0.2740862399783776
504,5110492637888558,False,False,False,True,6.908578616000134e-05,0.2740765202441998
505,5110490683080709,False,False,False,True,0.00010429623339298866,0.27409616968590694
506,5110486769795113,False,False,False,True,0.0001019051757904728,0.27409483533912443
507,5110485490532371,False,False,False,True,7.32124845602825e-05,0.2740788231777333
508,5110483100041245,False,False,False,True,0.00012100936191412742,0.27410549656671723
509,5110481338171482,False,False,False,True,6.071101587707777e-05,0.2740718466437938
510,5110479245475855,False,False,False,True,7.31517978191019e-05,0.27407878931106366
511,5110476569509909,False,False,False,True,6.583297683272087e-05,0.27407470499070885
512,5110474233282600,False,False,False,True,0.00025950864263648405,0.2741827870800989
513,5110473801269267,False,False,False,True,7.595552526164588e-05,0.2740803539511996
514,5110471171440676,False,False,False,True,6.489840101853954e-05,0.2740741834439968
515,5110469564760071,False,False,False,True,7.076074021658604e-05,0.2740774549642811
516,5110448589045832,False,False,True,False,0.13801369154724757,0.27676170201166456
517,5110130245828658,False,False,False,True,0.0001188003645351534,0.2757519930431079
518,5110100831174659,False,False,False,True,0.0001758580385931034,0.2757838344858743
519,5110070372139047,False,False,True,False,0.04455386130314719,0.2759998090113046
520,5109752506548264,False,False,True,False,0.018797646366735813,0.2757152396257474
521,5109133817348115,True,False,False,False,0.00021930331063588495,0.27564340711200597
522,5106904402165788,False,False,False,True,0.0005126694521454157,0.27504494681417413
523,5106892444467222,False,False,False,True,0.00017448651824238803,0.27485622141111116
524,5106846390747168,True,False,False,False,0.00011167997271618154,0.274842200609893
525,5106547282346045,False,False,False,True,0.0002343115076982325,0.27406574256242944
526,5106547022299203,True,False,False,False,0.0001211908301358596,0.27474631598739535
527,5106178968191033,False,False,False,True,0.00021757410448066883,0.2746743005936379
528,5105391835742238,False,False,False,True,0.0001496413664031371,0.27443042409078217
529,5105082715275270,False,False,False,True,0.00014447085605454952,0.2740156063447403
530,5105082514210902,False,False,False,True,0.00012723582155925757,0.2740059882105713
531,5105082262290444,False,False,False,True,0.00012671391558510435,0.2740056969572128
532,5105081906036772,False,False,False,True,0.00011481931431370565,0.27399905908996935
533,5104559731965957,False,False,False,True,0.00011488000105488627,0.2742050591095346
534,5104429981171726,False,False,False,True,0.0001554915682529475,0.2741247396083891
535,5104395814109214,False,False,False,True,0.00010646881872725434,0.27420036518912677
536,5104251115077691,False,False,False,True,0.0001026576913811123,0.2739922722093798
537,5104250758561888,False,False,False,True,0.0001127195530688567,0.2739978873032009
538,5104250032685079,False,False,False,True,8.82142469801282e-05,0.27398421194201283
539,5104241098817546,False,False,False,True,0.0002474926678827452,0.27417608147951633
540,5104202746101770,False,False,False,True,0.0002541682094125099,0.2741798068131732
541,5104068801265690,False,False,False,True,0.010740497239670613,0.2799287945918063
542,5104068339892262,False,False,False,True,0.00011057124243106326,0.27399668842309677
543,5104066473164818,False,False,False,True,0.00011193062543350882,0.27399744703649603
544,5104067089727498,False,False,False,True,9.282643930985421e-05,0.2739867858089031
545,5104066062123022,False,False,False,True,9.626130886067649e-05,0.273988702662403
546,5104064757694485,False,False,False,True,0.00012161622932593347,0.27400285215696557
547,5104065852669986,False,False,False,True,0.0001651650347970092,0.27402715487907703
548,5104064191463436,False,False,False,True,9.79362629172612e-05,0.2739896373824842
549,5104063138693129,False,False,False,True,7.618613487813217e-05,0.27397749956809625
550,5104062031396879,False,False,False,True,7.197447504019815e-05,0.2739751492212255
551,5104061507108876,False,False,False,True,6.192475070068988e-05,0.2739695409007382
552,5104060546875405,False,False,False,True,6.392741315964987e-05,0.27397065850083535
553,5104059112423452,False,False,False,True,8.243686921973454e-05,0.2739809878350661
554,5104058378158113,False,False,False,True,6.99354005365298e-05,0.27397401130112653
555,5104057681903634,False,False,False,True,8.071336577020534e-05,0.27398002602164917
556,5104008730443839,False,False,False,True,0.00011920089702694538,0.2740015042635151
557,5104007979663458,False,False,False,True,0.00010992796297454885,0.2739963294363989
558,5104004800380938,False,False,False,True,0.00010770682824733869,0.2739950899162913
559,5104001113587728,False,False,False,True,0.00010614111032487906,0.27399421615621533
560,5103969417232411,False,False,False,True,0.00021055871720022113,0.2740524871479445
561,5103622284050452,False,False,False,True,0.0008262014317809786,0.27429306788801194
562,5103562909220939,False,False,False,True,0.0001514862433350275,0.27391653825529944
563,5103459628941314,False,False,False,True,0.00015305196125748712,0.2739174120153753
564,5102855787577375,False,False,False,True,0.00012304843641779576,0.27369470218102504
565,5102747976925243,True,False,False,False,0.00019558061856055908,0.27377200624107456
566,5102126976663589,False,False,False,True,0.00015892643780376973,0.27350875800320246
567,5102010056245270,False,False,False,True,0.0003463028198728702,0.27361332473228706
568,5101794557362210,False,False,False,True,0.00012502682418028352,0.27318089085221553
569,5101379190980677,False,False,False,True,0.0006712196321538768,0.27358868072847786
570,5101331031982092,False,False,False,True,0.00012547590606502,0.2732841245420184
571,5101324929531948,True,False,False,False,0.00023140968830565755,0.27338681505760665
572,5101091843670054,False,False,False,True,0.0005374417798953135,0.2734110419655442
573,5100982552428572,False,False,False,True,0.000842283418193793,0.273581161020324
574,5099304885354522,False,False,False,True,0.000226701390354252,0.2727227156882395
575,5099285172125754,False,False,False,True,0.00019010728542224854,0.2727022940864653
576,5099271972651032,False,False,False,True,0.00025191066264064943,0.2727367839027951
577,5099271687438344,False,False,False,True,0.0001474566437206353,0.27267849259106414
578,5099246433533982,False,False,False,True,0.00013961591676010107,0.2726741170173507
579,5098561520468010,False,False,False,True,0.00023821973383027467,0.27252317742923576
580,5098141221847057,False,False,False,True,0.00016487373843939693,0.2723792630958985
581,5094900136607779,True,False,False,False,0.00018458142085765159,0.2714981692785104
582,5094806997631039,True,False,False,False,0.0001657684366677189,0.27148412815729056
583,5094438418972741,False,False,False,True,0.0008364210789958109,0.2716212110475321
584,5094218041851982,True,False,False,False,0.00011314108726252522,0.2712388834409825
585,5093858921349158,True,False,False,False,0.0029470408142381384,0.2732509890282918
586,5093849668714523,True,False,False,False,0.00030082624212537663,0.2712759796833713
587,5093789673652255,True,False,False,False,0.0002742448476767647,0.2712561405883144
588,5093163174658094,True,False,False,False,9.941931587077594e-05,0.27102267600719715
589,5092658541166624,True,False,False,False,0.00010631650254916843,0.2708218575880822
590,5090988335497267,True,False,False,False,0.00019766792505521307,0.27037512258510016
591,5090798115684389,True,False,False,False,0.00013372374435014912,0.27032739767428715
592,5090409471213592,True,False,False,False,0.00018744012323093764,0.27026450596132245
593,5090407688634409,False,False,True,False,0.011379848779208012,0.27020483966280545
594,5090179808165935,True,False,False,False,9.665136595378948e-05,0.27009376245232103
595,5088699109802005,True,False,False,False,0.0001428262157165013,0.2697162928695241
596,5087558875676712,True,False,False,False,0.00020895753061833246,0.2694567009244689
597,5087305455828999,True,False,False,False,0.00033786231953918144,0.26944992628304626
598,5086471149781014,True,False,False,False,0.00025144783065540754,0.2691794644445475
599,5085828645322799,False,False,True,False,0.036875705841481275,0.26904581040460096
600,5085430509404163,False,False,False,True,0.00021866646582191783,0.2646855517782572
601,5085426583535646,False,False,False,True,0.0003747042147455062,0.26477262975915583
602,5085425660788746,False,False,False,True,0.00013837790724001672,0.26464074617436445
603,5085426197921801,False,False,False,True,0.00013983438902835126,0.2646415589744351
604,5085423911764020,False,False,False,True,0.00011308367351594033,0.2646266305464715
605,5085422909325338,False,False,False,True,8.770447835421111e-05,0.26450948442879324
606,5085423576219721,False,False,False,True,8.484006417048652e-05,0.26461086899843544
607,5085415355383822,False,False,False,True,0.00014686191365706537,0.2646454807347758
608,5085414952730701,False,False,False,True,0.0001018444890492922,0.26462035843925996
609,5085413908348981,False,False,False,True,0.000562505404002986,0.26487743355492765
610,5085413321146413,False,False,False,True,0.00010410203582121072,0.26462161827936936
611,5085411874111531,False,False,False,True,0.00011155436763818908,0.2646257771063974
612,5085410984919157,False,False,False,True,0.00013069496580655205,0.264636458653992
613,5085408829046834,False,False,False,True,0.00021500098665457957,0.26458052315496505
614,5085404114649126,False,False,False,True,0.00027994793706598596,0.2646167672647806
615,5085403288633414,False,False,False,True,0.000313471292894184,0.2646354752130726
616,5085396850376745,False,False,False,True,7.140401967310047e-05,0.2645003878413362
617,5085398330703874,False,False,False,True,6.795701277404208e-05,0.26449846421450246
618,5085393444601879,False,False,False,True,7.511804823335352e-05,0.2645024604815164
619,5085389816266813,False,False,False,True,0.0002591566595376552,0.2646051645437726
620,5085389669728275,False,False,False,True,6.449786852674755e-05,0.26449653381433474
621,5085386716676173,False,False,False,True,7.463255430390868e-05,0.2645021895481595
622,5085384762130537,False,False,False,True,6.295642530076017e-05,0.26449567360092674
623,5085380530339878,False,False,False,True,0.00013896049995535054,0.26453808821794506
624,5085376642220084,False,False,False,True,0.00010943033169686789,0.26452160869651326
625,5084627468222484,True,False,False,False,0.0004613582620649436,0.2688212162759197
626,4964832915685416,True,False,False,False,0.15768111320229974,0.38379399139213893
627,4964840951971843,True,False,False,False,0.002789385647163131,0.26788118577256603
628,5074280082505738,True,False,False,False,0.000208258736704794,0.26543983939629384
629,5074173618225287,True,False,False,False,0.00023543002211946646,0.26494520337581684
630,5074157142999052,True,False,False,False,0.000556049374962727,0.2659053800250743
631,5072782573109315,False,False,False,True,0.0007881387077124433,0.2655182652147727
632,5072437117911043,True,False,False,False,0.00017662243044060168,0.2651072783248992
633,5071738707574825,True,False,False,False,0.0023854736899326843,0.26654989423523096
634,5071597925498914,True,False,False,False,0.00040393010772172004,0.2650709638667428
635,5070961607639058,False,False,False,True,0.000657395192512923,0.26493038747952824
636,5070943551422523,False,False,False,True,0.00021867860317006368,0.2646855585515911
637,5070943064883235,False,False,False,True,0.00036933950682507794,0.26476963594556235
638,5070582631301193,False,False,False,True,0.000527246407377098,0.26475477394343716
639,5070549643100261,False,False,False,True,0.00034954349185201713,0.2646556055614881
640,5069059486580794,False,False,False,True,0.00019073842753054377,0.2641550509546643
641,5068050974834691,False,False,False,True,0.00024261345389172477,0.2638750509545027
642,5067778332229701,False,False,False,True,0.00032803611077755795,0.2638197386021965
643,5067680378716197,False,False,False,True,0.00039397832374439676,0.2638565381253937
644,4982593754693743,False,False,False,True,0.24743200541626126,0.40171787458266717
645,4880019307298828,False,False,False,True,0.5621357246504569,0.5772375510308307
646,5067361036730374,False,False,False,True,0.0003052664454866707,0.26370404875131154
647,5067354493878300,False,False,False,True,0.00012227164613068403,0.11314365250558002
648,5067318875848765,False,False,False,True,0.00029663679089064136,0.2636992329108931
649,5066869128757286,False,False,False,True,0.0008954328661197104,0.2639304122634771
650,5065788759932977,False,False,False,True,0.0004048776624604325,0.2633477051970165
651,5065075736641593,False,False,False,True,0.00047744686756428996,0.2631822368076395
652,5065052814770196,False,False,False,True,0.0022430911901691673,0.26416756723991075
653,5063709555621927,False,False,False,True,0.0016077374220530198,0.2634010712233155
654,5062679652401159,False,False,True,False,0.11728401682297786,0.2630217876945283
655,5062162289197090,False,False,True,False,0.011120451635232967,0.26217033089972036
656,5061423953281036,True,False,False,False,0.00032609172595780427,0.2621293428411581
657,5060813397098510,True,False,False,False,0.00018900106547915034,0.26182105870603983
658,5060738746876014,False,False,True,False,0.04541179333859107,0.2620001592015999
659,5060498714984547,True,False,False,False,0.00016096763172979942,0.26169715280110767
660,5060168556150811,False,False,True,False,0.010829350395882936,0.26155038012085546
661,5060123740012643,True,False,False,False,0.0010677298740432066,0.2622709341567899
662,5059752258895882,True,False,False,False,0.00046690323714458084,0.26171952250804975
663,5059373894926357,True,False,False,False,0.0002129052624672102,0.2614269673617988
664,5058317647544421,True,False,False,False,0.00033257145133720934,0.2612073313135483
665,5058177243480068,True,False,False,False,0.00015844471344480848,0.26097438827914304
666,5057799382827061,True,False,False,False,0.00017193960369580105,0.26098446022668464
667,5057617484251144,False,False,True,False,0.016685961468745118,0.26087078882930836
668,5057588492959754,False,False,True,False,0.03299819890413354,0.26098579326596655
669,5057286565986342,True,False,False,False,0.0001647610844028575,0.2607731363666571
670,5056843584831537,False,False,True,False,0.04122877420945018,0.26083785426477896
671,5056010575085594,True,False,False,False,0.00018930054858483657,0.26037951915579044
672,5055800817680410,False,False,False,True,0.0007982248440966964,0.2606836892622166
673,5055798875979793,True,False,False,False,0.00015739198495179073,0.26035570411372144
674,5055770648051795,True,False,False,False,0.0004211821496632775,0.2605525846108262
675,5055334553681970,True,False,False,False,0.00021500164420750083,0.26029571816100927
676,5055591916175417,True,False,False,False,0.00023477660443411145,0.260207494179177
677,5055388542763082,True,False,False,False,0.0004637632021567196,0.26048138201713955
678,5054660277633045,True,False,False,False,0.0011881765340374746,0.2608160836978834
679,5054750711021626,True,False,False,False,0.0003633365340210907,0.2602004621510654
680,4543717382750224,False,False,False,True,0.011031611537113958,0.2659825715325761
681,5053431941890055,True,False,False,False,0.0002204467915852968,0.2596818837026757
682,5053083005157383,True,False,False,False,0.00015790927395267014,0.2595322255821729
683,5052815706619915,True,False,False,False,0.00018576120278944783,0.2594500298675311
684,5052241984290830,True,False,False,False,0.00028649642927639965,0.2594222307976152
685,5051054224769076,True,False,False,False,0.00012205297847065867,0.258990548757609
686,5050261572616242,True,False,False,False,0.00020256855769513197,0.25884467562326763
687,5050232929452092,True,False,False,False,0.00018763977863478257,0.25873055041251847
688,5050275640049697,True,False,False,False,0.00033867909164583457,0.2589462620854267
689,5049589829402656,True,False,False,False,0.00017520669212241368,0.2586182878685978
690,5049645823623175,True,False,False,False,0.00017675855912498972,0.25861944610869847
691,5048927724961837,False,False,False,True,0.00029628480779181246,0.2574170688208954
692,5048862927159379,True,False,False,False,0.00010523654831926223,0.2583600993111653
693,4848874532306979,False,False,False,True,0.02623029029474249,0.27106586130668514
694,5041868329910287,True,False,False,False,0.0004442604992990475,0.25665645229397416
695,5040858542833708,True,False,False,False,0.0002702698900909769,0.2562176447066821
696,5040749410975783,True,False,False,False,0.0003096746066141733,0.25624705452257057
697,5040568711970823,True,False,False,False,0.00010736015579655677,0.2559930735130042
698,5040546276638750,True,False,False,False,0.00013922334320160419,0.2560168546884037
699,5040427372576796,True,False,False,False,0.0001607316753434334,0.2558269413369028
700,5040384506527746,True,False,False,False,0.00026074088218007755,0.2557986004002732
701,5040215639654450,True,False,False,False,0.00017565137915812466,0.25594105977431797
702,5040188041134112,True,False,False,False,0.0004430988678585247,0.25614066992499324
703,5039103981322244,True,False,False,False,0.00034472320523516536,0.25575829775593767
704,5038361564610567,False,False,True,False,0.013230215072897848,0.25538832209545986
705,5038198926278688,True,False,False,False,0.00023306138301023725,0.2554689925024684
706,5037965454540843,True,False,False,False,0.0003163086111692398,0.2552221750651897
707,5037933326172206,True,False,False,False,0.00022470308178549746,0.25525678810903085
708,5037673274867750,True,False,False,False,0.0003357840882900017,0.25533969371623366
709,5037624361156715,False,False,False,True,0.0007901049581266914,0.2555300040794343
710,5035883104239662,False,False,False,True,0.00016000666179678453,0.2546634578399794
711,5035809879818271,False,False,False,True,0.0005570921466896494,0.25488505423256486
712,5035542216114205,False,False,True,False,0.02788327151700779,0.2546677643728529
713,5035343485796412,True,False,False,False,0.0001985663743725965,0.2544134162957539
714,5035114619404345,False,True,False,False,0.1983578527757114,0.25510716955686075
715,5033652644413490,False,False,False,True,0.00018044595622634916,0.2540569656756171
716,5033390743945261,False,False,False,True,0.00020733018256938253,0.2530421378457762
717,4882546576785591,True,False,False,False,1.0,1.0
718,5032569612468284,True,False,False,False,0.0002634906816057232,0.2538439742679438
719,5032467669647366,True,False,False,False,0.0001935114625570161,0.252864897402043
720,5032209007181862,True,False,False,False,0.00016055924567647356,0.25366416803815506
721,5032188274737206,True,False,False,False,0.00019533558692853064,0.25358714037729563
722,5031872061702189,False,False,False,True,0.00035772406456307626,0.25364098160863996
723,5031227586183188,False,False,False,True,0.00040947771744198646,0.2534638969515869
724,5031037982408751,False,False,False,True,0.00018537371961011546,0.25302988488471173
725,4822682471170119,False,False,False,True,0.03933135611815978,0.2746696139630846
726,5027131437023277,True,False,False,False,0.00022198958334223616,0.2522682536652029
727,5027099698987090,True,False,False,False,0.0003210549646334973,0.2523421913782933
728,5026781606903858,True,False,False,False,0.0009400774690192476,0.25270121740865115
729,5026423937892360,False,False,False,True,0.0005588884742285561,0.2522084966983433
730,5026409962209334,False,True,False,False,0.08699928151393736,0.2522207157927382
731,5026395403780135,True,False,False,False,0.004705805266737124,0.2554087953763824
732,5020230288867337,False,False,True,False,0.038553140705854194,0.18976066778084522
733,5002464449986631,False,False,False,True,0.0010001296320045962,0.24565785143418328
734,4942316163498071,False,False,True,False,0.04638885591423098,0.2283315816837775
735,4671282625839225,False,False,False,True,0.0020038883311317684,0.15209147427625364
736,4659946994991117,False,False,True,False,0.009185541087210489,0.1478454745481768
737,4632858942439514,False,False,False,True,0.0018419396936171274,0.14108489157827148
738,4626326439788623,False,False,False,True,0.0005943173937297857,0.001773426139083349
739,4625586371625002,False,False,False,True,0.0022173600119085994,0.0012374136008386715
740,5136914378850338,True,False,False,False,0.0011613773336935818,0.28417324039645625
741,5135843229106253,False,False,True,False,0.04898570954447146,0.2833428528284775
742,5135463242203185,False,False,True,False,0.056512069640403624,0.2832929320499731
743,5135100183248926,True,False,False,False,0.001109848089009502,0.2836198660242095
744,5134741406679061,True,False,False,False,0.00017452604870014858,0.28281880283377975
745,5134464108396635,True,False,False,False,0.00012942207792178328,0.28257917321129283
746,5134390062153781,True,False,False,False,0.00022144506860452152,0.2827508378937077
747,5134104979767322,True,False,False,False,0.0003128963188126024,0.2827161097031898
748,5133972615921692,True,False,False,False,0.00033276203149541756,0.2827309365311446
749,5133657740869639,True,False,False,False,0.0005626833795179559,0.28279955586960553
750,5133350407438383,True,False,False,False,0.00042457629152880394,0.2825934961975359
751,5132820788477981,True,False,False,False,0.0003616303878428532,0.2823405502005587
752,5131882044522546,True,False,False,False,0.0006318458264600099,0.2823362600651847
753,5130409239838730,False,False,True,False,0.08814411025293452,0.2820741809990794
754,5130041680396318,True,False,False,False,0.0002798261237387863,0.2815586138334533
755,5129306372767754,True,False,False,False,0.00019902013665410654,0.2812923379153181
756,5128996002922512,True,False,False,False,0.0002151286976464146,0.28120137750658153
757,5128948309491745,False,True,False,False,0.02476109621404585,0.28113306166064633
758,5128916646428710,True,False,False,False,0.00010030868994246339,0.2798798843684298
759,5084418390556683,True,False,False,False,0.00016077705157158074,0.2684938936066481
760,5084362409181205,True,False,False,False,0.0002658139444869313,0.26857228817345896
761,5083964407218245,True,False,False,False,6.93711775916213e-05,0.26832268951094
762,5083933885268015,True,False,False,False,0.000618650419314808,0.2687326455465567
763,5083312130293767,False,True,False,False,0.04052609109413938,0.2682159256066632
764,5083285479424101,True,False,False,False,0.0005044475283137159,0.26844144375958934
765,5082605788528724,True,False,False,False,9.915613374752149e-05,0.2679329872870803
766,5082598670532629,True,False,False,False,0.00011749720516466785,0.26794667619493623
767,5082575073640487,True,False,False,False,0.00011737015172585535,0.2679465813682614
768,5082551853973533,True,False,False,False,9.299404196511558e-05,0.2679283881933474
769,5082531859464258,True,False,False,False,0.00023084702307666952,0.2680312751356195
770,5081861999755385,True,False,False,False,0.0003046106195527938,0.26788036264084036
771,5080800824066193,True,False,False,False,0.0006031226740427614,0.2677942086841866
772,5079681330774037,True,False,False,False,0.00027576041369679395,0.26724093175361635
773,5079306565779473,False,False,False,True,0.003184209035049864,0.2687091047603358
774,5078610160058414,False,False,False,True,0.00035098783629209496,0.2669220392700758
775,5078110685560877,True,False,False,False,0.00017924517642749595,0.2662420496593281
776,5068467691520057,False,False,False,True,0.00016758036709606526,0.2639361612806459
777,5086094019199015,False,False,False,True,7.949963094659324e-06,0.2638470783929065
778,5086095994454028,False,False,False,True,8.496143765284773e-06,0.26384738319293305
779,5068452998610981,False,False,False,True,0.00017344270629404736,0.26393943280093013
780,5068408631525452,False,False,False,True,0.00021257351700737764,0.26396127002949404
781,5068179064684578,False,False,False,True,7.613758548518768e-05,0.2638851309828791
782,5048382436081728,True,False,False,False,0.0002507218110051213,0.25836569955081784
783,5048056362500153,True,False,False,False,0.00024923347072183983,0.25826160564760686
784,5048053841723464,True,False,False,False,0.00020235982704565035,0.2582266213779008
785,5047398141984804,True,False,False,False,0.0017828229286623815,0.2592002381008197
786,5047385978765339,True,False,False,False,0.00011779668827044013,0.2579575412995219
787,5047287483662403,True,False,False,False,0.0006737371602857125,0.2583724689622372
788,5045974364782637,True,False,False,False,0.0001922318529232162,0.2576011638785574
789,5045850775158823,True,False,False,False,0.00029672423110083747,0.2575761689688852
790,5045617165008923,True,False,False,False,0.0003089758127006348,0.2575853129696797
791,5045464777555983,True,False,False,False,0.00021897660179328866,0.25731217566428166
792,5045464416845881,True,False,False,False,0.00024142875948061373,0.2574319159688519
793,5045234266996793,True,False,False,False,0.0009647984381137981,0.25797180486909027
794,5044868385538110,True,False,False,False,0.0001340232274559214,0.2572487704854397
795,5044714269769775,True,False,False,False,0.00024372479662474936,0.25722766346943865
796,4981433215942684,True,False,False,False,0.1399673590640445,0.36120182351345487
797,5042945662058506,True,False,False,False,0.0003109632914934475,0.25665994864177855
798,5042688723189817,True,False,False,False,0.00029403795839448625,0.2567502994504622
799,5042684860235786,False,False,False,True,0.0006785870025331533,0.2569095337576296
800,5033651772260380,False,False,False,True,0.00023247876811456335,0.2540860029581399
801,4939482307428405,True,False,False,False,0.0009895647834366947,0.22791923097461395
802,4939084976554087,True,False,False,False,0.0004926406337497919,0.22744536722594447
803,4938367398248500,True,False,False,False,0.0005760512163300926,0.22730165478512412
804,4935471185199214,True,False,False,False,0.000728415515203128,0.2265915076767549
805,4797413282742404,False,True,False,False,0.12114737675530686,0.18726262823546647
806,4794446697660524,True,False,False,False,0.0035855297204991764,0.18866350579050128
807,4783867228520563,True,False,False,False,0.02208463746503704,0.19948385526637719
808,4604459066785805,False,False,False,True,0.02064537446532889,0.19235958100324524
809,4736081359470613,True,False,False,False,0.008839316468834499,0.17600440831641215
810,4728126161485880,False,False,False,True,0.0020614800485122065,0.16829195674801245
811,4697712759865455,False,False,False,True,0.009986112497402602,0.16406377609728057
812,4697571537649698,False,False,False,True,0.00012303629906955965,0.15855961593908388
813,4695816603107409,True,False,False,False,0.0018725045059727681,0.15937358803229762
814,4677811932430388,True,False,False,False,0.0001591525826039067,0.15294566940547777
815,4985158785499321,True,False,False,False,0.0007219630155606331,0.24069537330968105
816,4985133338394760,True,False,False,False,0.0005665766598930134,0.24057940028627206
817,4984971819941935,True,False,False,False,0.0007024603127029611,0.24068081741508313
818,4983541126070299,True,False,False,False,0.0005599063543552377,0.2401624895800485
819,4983289421955111,True,False,False,False,0.000547727374720534,0.24005041668947774
820,4982954519101494,True,False,False,False,0.001122925517961589,0.24037673429032724
821,4982800273571862,True,False,False,False,0.00034386105690032873,0.23979527743981066
822,4982739489718290,True,False,False,False,0.0007318005818230178,0.23998183406851792
823,4982600939274244,True,False,False,False,0.0019307222066858973,0.24087665243959233
824,4982458454573085,True,False,False,False,0.0004053821470224548,0.23973821079401877
825,4982452981268514,True,False,False,False,0.0003899905304347962,0.23972672321968744
826,4981825781825573,True,False,False,False,0.0007650159808268586,0.23980065831777614
827,4981822174724140,True,False,False,False,0.0001564935356344738,0.23934648595831803
828,4981467701248070,True,False,False,False,0.00014369743929692984,0.23923395248104057
829,4981409891418135,True,False,False,False,0.00013845194732309976,0.23923003749403376
830,4981007494086704,True,False,False,False,0.00038471781272409746,0.23931085560688783
831,4980368223436861,True,False,False,False,0.0029449081315153012,0.241015694366668
832,4980367153627165,True,False,False,False,0.0033632860302792752,0.24132795183379674
833,4980265257467978,True,False,False,False,0.0002131049178710551,0.23897680570953114
834,4980199696302100,True,False,False,False,0.0006010535180393809,0.2391633691115723
835,4980044238618704,True,False,False,False,0.0023234443860552277,0.24044888015658963
836,4979906753527867,True,False,False,False,0.0003753521592344963,0.23899491629693714
837,4979899589394440,True,False,False,False,0.0003388515213127694,0.23896767394790372
838,4979721750904911,True,False,False,False,0.001099511384237586,0.2394324114007791
839,4979713605828611,True,False,False,False,0.00016536912586002903,0.2387352118202069
840,4979696182427717,False,False,False,True,0.0018022869769297892,0.23961756725686528
841,4979695436103760,False,False,False,True,0.00021231863269436543,0.23873027405977792
842,4979679191302178,False,False,False,True,0.00010646881872725434,0.23867120381464596
843,4979668835565572,True,False,False,False,0.0001490972104464608,0.23872306723248518
844,4979670005776465,True,False,False,False,0.00023085609832214382,0.23878408819778665
845,4979665715003459,True,False,False,False,0.00010374820803603017,0.23868922088287797
846,4979543069360148,True,False,False,False,0.0003917874290695631,0.23890419972822183
847,4979396151541812,True,False,False,False,0.00032740763657415097,0.23875316662093288
848,4979176025817115,True,False,False,False,0.000570243059127316,0.2389344074900122
849,4979008396263482,True,False,False,False,0.00023654627733196818,0.2386853520017078
850,4978857850372178,True,False,False,False,0.0012092946306171794,0.23930838226833545
851,4978826665459740,True,False,False,False,0.0005436616646785417,0.23881158531850757
852,4978257154736187,True,False,False,False,0.0003212092438091587,0.23843959120452093
853,4978236107718748,True,False,False,False,0.0055031744982329866,0.24230716487386575
854,4978232634572848,True,False,False,False,0.004531850958511437,0.241582214944216
855,4978228734132316,True,False,False,False,0.00553380345223248,0.24233002487585178
856,4978225533878373,True,False,False,False,0.0061996996002944196,0.24282701825236347
857,4978220253249594,True,False,False,False,0.0030171017104977382,0.24045167777932921
858,4978172601499672,True,False,False,False,0.0011588544154086913,0.23906476992550252
859,4978817618608153,True,False,False,False,1.2541989459918974e-05,0.2379002673418296
860,4976752548839443,False,False,False,True,0.0003500532604778792,0.2379832732415403
861,4975662344110136,True,False,False,False,0.0006398229673683332,0.23795650787671294
862,4975243643519004,True,False,False,False,0.00016491536357851898,0.23749907623613764
863,4975666161188913,True,False,False,False,3.4658363058922253e-05,0.2372988754979103
864,4974992652435581,True,False,False,False,0.0018032603818199837,0.23861887635925746
865,4974617518080011,False,False,False,True,0.0003055698791924289,0.2373405505140303
866,4971768494882845,False,False,False,True,0.000991487840060421,0.23638455194013172
867,4971745816281142,False,False,False,True,0.0008880412210439797,0.2363268228151162
868,4971691496112249,False,False,False,True,0.0016887542215290943,0.236773666427271
869,4971686169346096,False,False,False,True,0.000474448942549847,0.23609601468839717
870,4971683866673179,False,False,False,True,0.0010204718276482817,0.23640072666153697
871,4971683250110511,False,False,False,True,9.331193323929907e-05,0.23588331845658497
872,4971681031323697,False,False,False,True,0.00032036530669236093,0.23601002721426
873,4971677600120842,False,False,False,True,0.00010705141144258816,0.23589098587058446
874,4971673330581553,False,False,False,True,0.00010422340930357195,0.2358894076837806
875,4971307566301245,True,False,False,False,0.00022280635544888932,0.23640946949229927
876,4971239228244019,True,False,False,False,0.00014852546997180457,0.23635402975414938
877,4973180914171966,False,False,False,True,4.350025607825804e-05,0.23575253761772208
878,4970935464427558,True,False,False,False,0.00013015717281776985,0.23623733744984396
879,4970225582669858,False,False,False,True,0.0001886143915892624,0.23603948575098663
880,4973166263730183,True,False,False,False,1.4102931708186747e-05,0.23584177082630867
881,4970069596241943,False,False,False,True,0.00017639208191541964,0.23592968192727964
882,4969913799082028,True,False,False,False,0.0006035673610786348,0.236281719184531
883,4969906933006406,True,False,False,False,0.00031240625554854553,0.236064410312318
884,4969892504338495,False,False,False,True,0.00041145610520438046,0.2360608610853431
885,4969857255669837,False,False,False,True,0.0003247833014502652,0.23601249270780753
886,4969480837857331,False,False,False,True,0.004287967346294389,0.23812119281017552
887,4971351690117173,False,False,False,True,0.0030776431175367092,0.237445762724828
888,4971324880388125,False,False,False,True,0.003960101158392173,0.23793822474094609
889,5009746852249661,False,False,False,True,2.4311108516950574e-05,0.23574182897679177
890,4969444213194761,False,False,False,True,0.000637817649808112,0.23608420068653677
891,4969443168813106,False,False,False,True,0.000689462066552735,0.23611302122237396
892,4969403100364821,False,False,False,True,0.0002905438420762635,0.23589040205636633
893,4969274998194178,False,False,False,True,0.00032767199033042083,0.2358081386083854
894,4969174813048882,False,False,False,True,0.0007138338618108955,0.2360236390004412
895,4969067618959423,False,False,False,True,0.0002190063115724384,0.23574749694978359
896,4969043376144388,False,False,False,True,0.00017871031542849664,0.2357250094811632
897,4968669340434446,False,False,False,True,0.0001509522000126382,0.2356065357900362
898,4968661673508901,True,False,False,False,0.0007966795128279611,0.2361168997277095
899,4968422161711185,False,False,True,False,0.011842920717711883,0.23550280764685708
900,4968413383032875,True,False,False,False,8.420920419579461e-05,0.23548216252506346
901,4968060084486192,True,False,False,False,0.00018168641750181873,0.23545193182826968
902,4967968707379216,True,False,False,False,0.00013933224614915774,0.23542032067885665
903,4967952332816397,True,False,False,False,0.00015419749849021941,0.2354314153998205
904,4967704541462603,True,False,False,False,0.00019071628690302454,0.2353556882190741
905,4967633699667997,True,False,False,False,0.00013133695474960012,0.2353113702952238
906,4967631594127412,True,False,False,False,0.00015835396098851388,0.23533153451030894
907,4967335971455092,False,False,True,False,0.015191065335317699,0.23521746348623124
908,4967327733841954,True,False,False,False,0.00011933040478181951,0.2351994260979975
909,4967225174720557,False,False,False,True,0.00032694374943630897,0.23529281682611117
910,4966681047400506,True,False,False,False,0.00019007194446346863,0.23504625808302232
911,4966631055491146,True,False,False,False,0.0024342894361735028,0.236721235828543
912,4966131354763336,False,False,False,True,0.0003016009663193325,0.2349697248755392
913,4965892535287904,False,False,True,False,0.020672991644660278,0.23484417982379796
914,4965560992071832,True,False,False,False,0.0004922413229421021,0.2349628337799391
915,4964963542827014,True,False,False,False,0.0009785837362250604,0.2351198505919125
916,4964837076434998,True,False,False,False,0.0011281528594442667,0.23523148190827767
917,4964801013809168,True,False,False,False,0.0001574192106886791,0.2345069722453329
918,4964783091548209,False,False,True,False,0.02967407254059961,0.23459868995996794
919,4964393104900114,True,False,False,False,0.00020866712275812054,0.23444223818554144
920,4964426835755030,True,False,False,False,0.00010162460055873565,0.2342593636354861
921,4964088900681731,True,False,False,False,0.00016390801131365757,0.2343058490261914
922,4964053676916804,True,False,False,False,0.0001717853245199772,0.23431172828003555
923,4963969140457549,True,False,False,False,0.00031520143120237473,0.23441876727600167
924,4963338174529596,True,False,False,False,0.0001511300654674607,0.23409034601913392
925,4962850041692212,True,False,False,False,0.00015226447117114368,0.23398820960942643
926,4962520545558612,True,False,False,False,0.0003643620367772255,0.23394054304361708
927,4961884454191118,False,False,False,True,0.0003918178757583529,0.2337842741492066
928,4957231490203727,False,False,False,True,0.007614025570179914,0.2371967803073447
929,4959377556439171,True,False,False,False,0.0001938563218908858,0.2329894210343123
930,4958170863304730,True,False,False,False,0.0004134954166151662,0.23284440003254425
931,4957906085281878,True,False,False,False,0.0005977682791214948,0.2328789495013785
932,4957329452367907,True,False,False,False,0.00045537767519523216,0.23256670973925006
933,4957055245549663,True,False,False,False,0.0002582542648775713,0.23241958615313466
934,4956343384080417,False,False,True,False,0.01185829240031792,0.23210447449742344
935,4955645892558851,True,False,False,False,0.00034789046595977435,0.23207455406648925
936,4955600316989476,True,False,False,False,0.00022701726942090647,0.23198434003198487
937,4955367969325086,True,False,False,False,0.00040483763228474015,0.23201407366040075
938,4954897486118952,True,False,False,False,0.001707362261253494,0.23278025025863072
939,4954817538228252,True,False,False,False,0.0003529544530209914,0.23176938435747427
940,4954698445422652,True,False,False,False,0.00015603069810737113,0.23162240978470525
941,4953956628234289,True,False,False,False,0.00040334021675582187,0.23160102375451255
942,4953910624845880,True,False,False,False,0.0003907165500852448,0.23159160204702733
943,4953193923412049,True,False,False,False,0.0005035218532594224,0.2314698284347797
944,4952854365143077,True,False,False,False,0.00018952742972559158,0.2311324947779718
945,4951984672014346,True,False,False,False,0.00040119845878718534,0.2310845098654682
946,4951739489517616,True,False,False,False,0.00024264484239495677,0.23086318987207274
947,4951421045374990,True,False,False,False,0.000824032303155205,0.23119412688665691
948,4951418646233173,True,False,False,False,0.0006451955127810356,0.23106065156839398
949,4951403920293926,True,False,False,False,0.00012278807336664523,0.2306707513745198
950,4951299591176204,True,False,False,False,0.00018793018649483208,0.23071937036541046
951,4951291743371286,True,False,False,False,0.00026666701757613125,0.23077813581051598
952,4950932014694458,True,False,False,False,0.000141274348713863,0.2305815655792707
953,4950336264405020,True,False,False,False,0.0005197211667080974,0.2306580542242479
954,4950331516190738,True,False,False,False,0.0004998191530425731,0.2306432003029574
955,4950288042491939,True,False,False,False,0.0002551414556266201,0.2304605844470919
956,4949259766661226,True,False,False,False,0.0003936841554060088,0.23025503693339872
957,4949224450883647,True,False,False,False,0.00036957122776862977,0.23023704018516855
958,4948220711993350,True,False,False,False,0.00022846023347600453,0.22982277238667526
959,4948019443859487,True,False,False,False,0.00030388459990250764,0.22987906556489923
960,4945957398184047,False,False,True,False,0.03086057429174531,0.2292519350520772
961,4945585703157778,True,False,False,False,0.0002888650683857912,0.22914697416212426
962,4945246488821816,True,False,False,False,0.00030612618557298546,0.2290568739667958
963,4945181514858517,False,False,True,False,0.027260718371467384,0.2290205892169767
964,4944848906813482,True,False,False,False,0.000230910549795964,0.22889775349880415
965,4944519221936140,True,False,False,False,0.0004551689445457505,0.2289621462768979
966,4944503371399206,True,False,False,False,0.00012761610404151997,0.22871767633565857
967,4944411117944946,True,False,False,False,0.00024626586540107574,0.22880623090335203
968,4943862666297367,False,False,True,False,0.015556142797208707,0.22852613738401636
969,4943852101107744,False,False,True,False,0.010874504713537817,0.22849313092781554
970,4943686996262915,True,False,False,False,0.0002990111929994988,0.22863963136720994
971,4943324356739118,True,False,False,False,9.017164057435234e-05,0.22838078033055392
972,4943056101638221,True,False,False,False,0.00039400178900313084,0.2285045617004739
973,4942661526945814,True,False,False,False,0.00015203759003040707,0.22822098799500332
974,4942327886839815,True,False,False,False,0.0001161268430746188,0.22809120283622697
975,4941647788572696,True,False,False,False,0.00012697176160182805,0.2278933308173679
976,4941557200257134,True,False,False,False,0.0001954717156129187,0.22794445594180968
977,4941224184840244,True,False,False,False,0.00011934855527307846,0.2277846581404259
978,4941172976844805,False,False,True,False,0.01717401239148362,0.2278166621432063
979,4940558758510645,True,False,False,False,0.00011562770456499829,0.22757591492062235
980,4940504907841541,True,False,False,False,0.000155068722070648,0.22760535182984648
981,4940428047482957,False,False,True,False,0.023712741879984376,0.22765679530098248
982,4939721168584765,True,False,False,False,0.0004919146140993434,0.22765079151212622
983,4939391336906856,True,False,False,False,0.00014095671511683177,0.22728587006625478
984,4939390414159942,True,False,False,False,0.00026430745371237635,0.22737793322091987
985,4939390615486533,True,False,False,False,9.856624278160635e-05,0.22725423182350601
986,4939369761669162,True,False,False,False,0.0007306571008736059,0.22772599453115913
987,4939364992483370,True,False,False,False,0.0001373629178475641,0.22728318782602175
988,4939352434737188,True,False,False,False,0.00016885402018175998,0.2273066912947304
989,4939312806952982,True,False,False,False,0.0009743637470072444,0.22790788564029496
990,4939307291705367,True,False,False,False,0.001261186885126565,0.22812195685889325
991,4939302141100058,True,False,False,False,0.001430304087431627,0.22824817793652596
992,4939298592718916,True,False,False,False,0.00036860925173178943,0.22745577914768303
993,4939295136350229,True,False,False,False,0.0006140492697807378,0.22763896396359798
994,4939294129717274,False,False,False,True,0.0010703563288987604,0.2277779866423428
995,4939291168538684,True,False,False,False,0.021870080507865253,0.2435034599018916
996,4939086268661808,True,False,False,False,0.0001895002039886815,0.22721911755295474
997,4855750208716859,True,False,False,False,0.0005538440902747959,0.22749104658991307
998,4938729018556471,True,False,False,False,0.00023144598928820433,0.22714744082589347
999,4938622269587458,True,False,False,False,0.00015898015293694685,0.22709335575452794
1000,4938360490229805,True,False,False,False,0.0006789826522595013,0.22737847793846516
1001,4938343100907539,True,False,False,False,0.00022280635544888932,0.22703800953555217
1002,4936971223760956,True,False,False,False,0.00029231366172497537,0.2266779541942681
1003,4936804713824269,True,False,False,False,0.00021154397562267997,0.2266176715223641
1004,4936589197901870,True,False,False,False,0.00025205587211257904,0.2265449246085433
1005,4840167186563110,True,False,False,False,0.0467198545637435,0.2608143585158392
1006,4934772560953374,True,False,False,False,0.00023409596101200871,0.2260166047984732
1007,4934617916964929,True,False,False,False,0.00024057568639141377,0.22602144095889334
1008,4934266916634717,True,False,False,False,0.0003417011484404188,0.22599393314233607
1009,4934246217744461,True,False,False,False,0.0002708234800743282,0.22583805032795912
1010,4934082061336690,True,False,False,False,0.0003754882879190468,0.22581318411163143
1011,4933877102477338,False,False,False,True,0.0003428800876703983,0.2258272671803556
1012,4933628858138676,False,False,False,True,0.00039246115521495643,0.22575195317297833
1013,4933513280159753,False,False,False,True,0.00041389571219989076,0.22576391488068429
1014,4933258329128991,False,False,False,True,0.0003152676204330907,0.22560589169278794
1015,4933171871940652,False,False,False,True,0.0002589988740104596,0.22557449051672657
1016,4932899128934430,False,False,False,True,0.00047228849456380323,0.22559053523728653
1017,4932531833733136,False,False,False,True,0.0003500775351743333,0.22541935146158018
1018,4932428217909255,True,False,False,False,0.00016399876377002455,0.22534638910857463
1019,4931479210491979,False,False,False,True,0.0007461313454672656,0.22533142289143895
1020,4931453541089345,False,False,False,True,0.0009459120974337218,0.2254429119677917
1021,4931453780164702,True,False,False,False,0.0002946913760798413,0.22513498266103907
1022,4930971363901512,True,False,False,False,0.0004145481451082111,0.22512145500569644
1023,4930732263407645,False,False,False,True,0.00038167105263304564,0.22492206706753973
1024,4930245803835424,True,False,False,False,0.0005011985903783767,0.22498016064508616
1025,4929673239396398,True,False,False,False,0.0014691915149538561,0.22549665860829105
1026,4929507304603678,True,False,False,False,0.0008230431013816169,0.2250144040063931
1027,4929279952355395,True,False,False,False,0.00022888677002060452,0.22446797075808547
1028,4929186520039461,True,False,False,False,0.00031943049566582766,0.22453554831062322
1029,4928945699618877,True,False,False,False,0.00029362049709552297,0.22441330187250183
1030,4928898916352034,True,False,False,False,0.00018221278174826,0.22433015242527787
1031,4928546389295139,True,False,False,False,0.00035527771590219954,0.2243563368267188
1032,4928464218947677,True,False,False,False,0.0003425542215296187,0.22434684061256038
1033,4927771680636948,True,False,False,False,0.0002607227316888042,0.2240797993076921
1034,4926970929020949,True,False,False,False,0.0002696618486338054,0.22388050488870948
1035,4926770097356873,True,False,False,False,0.00019674225000108192,0.22372309807420013
1036,4926372305371168,True,False,False,False,0.0006616852340897601,0.2239671264412337
1037,4926009972031527,True,False,False,False,0.0006972511217115568,0.22389068806042547
1038,4925577505734700,True,False,False,False,0.00022549262815524054,0.22343560676672108
1039,4925285896749098,True,False,False,False,0.00019643369164959663,0.22331093547505565
1040,4897296979263497,False,False,False,True,0.0053135004481571785,0.2261295635599356
1041,4925191512588339,False,False,True,False,0.030505104131483052,0.22337939356100323
